trade_date,q1,q2,q3,q4,q5,long_short
2024-01-30,0.0,-0.004210526315789442,-0.005015499070055718,0.07701598579040847,-0.019407558733401276,-0.019407558733401276
2024-01-31,-0.004392386530014614,-0.005285412262156619,0.00319021004293063,-0.01666666666666672,-0.01695362490929464,-0.012561238379280026
2024-02-01,0.00588235294117645,-0.014877789585547196,-0.008714123339316648,0.005296610169491567,-0.020265736142799806,-0.026148089083976256
2024-02-02,0.007309941520467822,0.011866235167206085,0.021309523809523778,-0.032665964172813644,0.040684931506849376,0.033374989986381554
2024-02-05,0.0159651669085632,0.031982942430703654,0.02821455083097657,0.03594771241830075,0.04205607476635542,0.026090907857792223
2024-02-06,-0.008571428571428452,-0.007231404958677801,0.020877088305489178,0.001051524710830698,0.008021221499399767,0.01659265007082822
2024-02-07,0.0028818443804032867,0.00624349635796051,-0.002916440189597691,0.05672268907563027,0.020300751879699153,0.017418907499295866
2024-02-08,0.02298850574712641,0.014477766287487315,-0.006195779601406826,-0.021868787276341894,-0.016887742569393183,-0.03987624831651959
2024-02-19,-0.002808988764045006,0.0010193679918450993,-0.014999144759736516,0.0060975609756097615,-0.0109938159785119,-0.008184827214466894
2024-02-20,0.019718309859154903,0.0997963340122201,0.02853892215568865,0.031313131313131404,0.018126697404155623,-0.0015916124549992805
2024-02-21,-0.004143646408839685,0.0004191749240245457,0.009259259259259078,-0.00587659157688547,-0.0052729528535979675,-0.0011293064447582823
2024-02-22,0.009708737864077666,-0.002496537436422752,-0.004587155963302725,0.004926108374384119,0.00093545369504211,-0.008773284169035556
2024-02-23,-0.02472527472527486,-0.011148772818230013,-0.029493087557603714,-0.021568627450980316,-0.028037383177569986,-0.003312108452295126
2024-02-26,0.005633802816901401,-0.0032330764964778602,-0.002849002849002802,0.008016032064128265,0.011730769230769322,0.006096966413867921
2024-02-27,-0.0056022408963586345,-0.004705534181710602,-0.0009523809523810378,-0.012922465208747624,-0.005195463473357531,0.0004067774230011034
2024-02-28,0.007042253521126973,0.007998572745383736,0.009532888465204836,0.011077542799597051,0.04139863702948854,0.034356383508361565
2024-02-29,-0.005594405594405716,-0.005864306784660767,-0.009442870632672351,-0.014940239043824577,0.006360467249709734,0.01195487284411545
2024-03-01,-0.005625879043600457,-0.005198627942031742,-0.046511627906976716,-0.015252621544327938,-0.003950167122455217,0.0016757119211452398
2024-03-04,0.012729844413012836,0.011215176281095252,0.005302226935312904,0.00968054211035807,0.004575960951799685,-0.008153883461213152
2024-03-05,-0.005586592178770999,-0.008583564391481224,-0.015822784810126556,-0.009587727708533111,-0.006134224111752129,-0.0005476319329811297
2024-03-06,0.002808988764045006,0.0018327333313499228,-0.012861736334405016,-0.021327303837692435,0.004840271055179146,0.00203128229113414
2024-03-07,-0.0028011204481792618,-0.007246247691000907,-0.013424914142990962,-0.0032573289902282365,0.0,0.0028011204481792618
2024-03-08,-0.001404494382022503,0.013796569404641579,0.14462025316455684,0.030501089324618924,0.008670520231214063,0.010075014613236566
2024-03-11,-0.0014064697609003085,0.029808378922271395,0.0570824524312894,0.008595988538681931,0.027591927011335393,0.0289983967722357
2024-03-12,-0.00845070422535199,-0.01005730659025783,-0.021780303030303094,-0.031000000000000028,-0.003551442100731772,0.004899262124620218
2024-03-13,0.0,-0.006263567686474181,-0.009680542110358181,0.002063983488132193,-0.007398207149800107,-0.007398207149800107
2024-03-14,0.007102272727272707,0.0005009815743637347,0.03616813294232646,-0.02471678681771372,-0.015287525161851945,-0.022389797889124652
2024-03-15,0.0,-0.005374121537825571,-0.0031678986272439813,-0.005660377358490565,0.05502762430939212,0.05502762430939212
2024-03-18,-0.01128349788434413,-0.0001404938358329222,-0.01165254237288127,-0.013282732447817747,-0.019428152492668604,-0.008144654608324475
2024-03-19,0.0028530670470756636,0.0009250477160687165,0.003215434083601254,0.004807692307692069,0.01190921228304398,0.009056145235968316
2024-03-20,0.009957325746799306,-0.0003509592887224189,0.001913875598086312,0.004273504273504258,-0.002111040743086101,-0.012068366489885407
2024-03-21,-0.00845070422535199,-0.00447630193095383,-0.010506208213944768,-0.014893617021276673,-0.013592130315210671,-0.0051414260898586805
2024-03-22,0.0028409090909091717,-0.007253063743497767,0.0038610038610040753,0.008639308855291628,-0.00916840920057882,-0.012009318291487991
2024-03-25,0.012747875354107707,0.01200703370613554,0.019230769230769162,0.012847965738758127,0.037878787878787845,0.025130912524680138
2024-03-26,0.002797202797202747,-0.00484996694533979,-0.006603773584905714,-0.026427061310782207,-0.019812304483837417,-0.022609507281040164
2024-03-27,0.0,0.00037624926513823986,-0.003798670465337106,0.0032573289902277924,0.004148936170212725,0.004148936170212725
2024-03-28,-0.005578800557879959,0.0007404621424036417,0.0028598665395613843,-0.025974025974025983,0.007310096408517985,0.012888896966397945
2024-03-29,0.014025245441795287,0.010822714193434724,0.011406844106463865,-0.0022222222222221255,0.040387042490534375,0.02636179704873909
2024-04-01,0.0055325034578144194,-0.004264144585872431,-0.008458646616541277,-0.053452115812917644,0.009401536595228244,0.0038690331374138243
2024-04-02,-0.005502063273727487,0.0006534460527773955,-0.008530805687203769,-0.036470588235294255,-0.01026539809714555,-0.004763334823418064
2024-04-03,0.006915629322268302,-0.028248916979085825,-0.002868068833652093,-0.023199023199023117,-0.015431317986339677,-0.02234694730860798
2024-04-08,-0.0027472527472528485,-0.0026640106560426036,-0.0028763183125598557,-0.0012499999999999734,0.007194244604316724,0.009941497351569573
2024-04-09,0.0013774104683195176,-0.008566856372802745,-0.011538461538461608,-0.051314142678347996,-0.016632653061224523,-0.01801006352954404
2024-04-10,-0.004126547455295726,1.2136069612589395e-05,-0.0029182879377430693,-0.0007263671266992677,-0.01846965699208447,-0.014343109536788745
2024-04-11,-0.015193370165745845,-0.008476941747572853,-0.018536585365853786,-0.045698924731182755,-0.02185877466251296,-0.006665404496767113
2024-04-12,0.02384291725105192,0.02383677166269904,0.022862823061630122,0.005633802816901401,0.04644620202770855,0.02260328477665663
2024-04-15,-0.005479452054794609,-0.0017812526150939867,-0.0009718172983477213,-0.009803921568627305,5.072537283168366e-05,0.005530177427626293
2024-04-16,0.011019283746556585,-0.00179640718562879,0.03307392996108938,0.004243281471004279,-0.00588384478823234,-0.016903128534788925
2024-04-17,-0.0013623978201634523,0.0022675464907018217,0.016949152542373058,-0.002193989489259751,-0.030985915492957705,-0.029623517672794253
2024-04-18,0.0013642564802183177,-0.014448341493194738,-0.010185185185185408,-0.024340355901002142,-0.026162790697674354,-0.027527047177892672
2024-04-19,-0.006811989100817373,0.017259388816013077,-0.017773620205799756,-0.0010482180293502896,-0.0014925373134329067,0.005319451787384466
2024-04-22,0.006858710562414272,0.010280228767924893,0.003809523809523707,-0.0035152151101782714,-0.017937219730941756,-0.024795930293356028
2024-04-23,0.0027247956403271267,0.0007800127638450949,-0.000948766603415585,-0.0017374822302952397,-0.004566210045662045,-0.007291005685989171
2024-04-24,0.006793478260869401,-0.0003306565895134783,0.007597340930674212,0.001529051987767538,0.018987341772151778,0.012193863511282377
2024-04-25,0.0013495276653170407,0.009680810849123533,-0.0009425070688028336,0.027329192546583947,0.04885496183206106,0.04750543416674402
2024-04-26,0.0,-0.0031764974289676395,0.019811320754717032,0.05617694478033042,0.10043668122270755,0.10043668122270755
2024-04-29,0.037735849056603765,0.0005868544600937664,-0.0018501387604070718,-0.009877577937354776,-0.01984126984126977,-0.057577118897873536
2024-04-30,0.03237536656891504,0.01948051948051943,0.009267840593141896,0.021618953603158797,0.006747638326585648,-0.025627728242329395
2024-05-06,-0.003821656050955413,0.005567549142142969,-0.0009182736455464191,-0.0004831384674847117,0.008042895442359255,0.011864551493314668
2024-05-07,-0.002557544757033181,-0.003406779661016879,-0.01378676470588236,-0.017643078112915767,-0.04255319148936165,-0.03999564673232847
2024-05-08,0.0,-0.004518217430001692,0.002795899347623365,0.030359690990503507,0.01388888888888884,0.01388888888888884
2024-05-09,-0.00969248291571756,0.017948717948718107,0.016728624535315983,-0.028175740210124256,0.03561643835616435,0.04530892127188191
2024-05-10,-0.01896514048465192,0.0025188916876575096,0.002742230347349217,-0.020393120393120245,-0.0185185185185186,0.0004466219661333204
2024-05-13,-0.01005025125628145,-0.002356389214536958,-0.005469462169553352,-0.0017055430147981943,0.005390835579514919,0.01544108683579637
2024-05-14,-0.0011633509206923076,0.0012690355329949554,-0.007332722273143855,-0.005627857896588151,0.036193029490616535,0.03735638041130884
2024-05-15,0.016476552598225558,0.0026470588235292247,0.0313942751615881,0.008994896154429277,0.05821474773609303,0.04173819513786747
2024-05-16,0.006160164271047375,0.017456359102244523,0.022381378692927445,0.016677517904542416,0.10024449877750619,0.09408433450645881
2024-05-17,-0.0034985422740524408,0.019607843137254832,-0.003502626970227407,0.002216748768472998,0.020000000000000018,0.02349854227405246
2024-05-20,-0.002340550029256927,0.012019230769230616,0.01493848857644986,-0.0092897517817645,0.0010893246187364536,0.0034298746479933806
2024-05-21,-0.0042756598240468735,0.013064133016627011,0.0008658008658009031,0.016521135145862287,0.022850924918389692,0.027126584742436566
2024-05-22,-0.0033574638778118837,-0.0011723329425556983,-0.01384083044982698,-0.002684367221435946,0.017021276595744705,0.02037874047355659
2024-05-23,-0.008823824918292478,-0.009389671361502261,-0.007894736842105177,-0.016443182930410027,-0.05962343096234313,-0.05079960604405065
2024-05-24,-0.0041500703603882805,0.011848341232227444,0.017683465959327904,-0.004826350880684727,-0.013348164627363879,-0.009198094266975598
2024-05-27,-0.0032812013508010107,0.0,-0.009556907037358786,-0.011049447527623601,-0.03945885005636973,-0.03617764870556872
2024-05-28,0.005622837370242051,-0.005854800936767934,-0.012280701754386114,0.005005055611729148,0.007042253521126751,0.0014194161508847003
2024-05-29,-0.014934289127837563,-0.010600706713780994,-0.01243339253996445,0.0028170431108205385,-0.036130536130536184,-0.02119624700269862
2024-05-30,-0.00033353547604597633,-0.0071428571428571175,-0.0008992805755395628,-0.007975921745673631,-0.00241837968561065,-0.0020848442095646735
2024-05-31,-0.005496072067699975,-0.007194244604316724,-0.011701170117011661,0.023968446601941862,-0.019393939393939297,-0.013897867326239322
2024-06-03,0.00842386497416725,0.004830917874396379,0.0036429872495444826,0.017135802469135708,0.033374536464771065,0.024950671490603815
2024-06-04,-0.005564964916525583,-0.0036057692307693845,-0.013611615245009201,-0.00898189056658727,-0.029904306220095656,-0.024339341303570072
2024-06-05,-0.002548661800486629,-0.004825090470446325,0.002759889604415866,0.003282382912012549,-0.011097410604192448,-0.008548748803705819
2024-06-06,-0.012580725815795613,0.0072727272727273196,0.008256880733945149,-0.05659456028126375,0.018703241895261957,0.03128396771105757
2024-06-07,-0.03099099544213746,-0.019253910950661868,-0.010919017288444244,-0.02292960662525867,-0.019583843329253448,0.011407152112884011
2024-06-11,0.0017080943275971094,-0.004907975460122782,0.0009199632014722514,-0.016792922604227378,-0.014981273408239737,-0.016689367735836846
2024-06-12,-0.010606484780616987,0.002466091245376223,-0.007352941176470451,-0.002262931034482829,-0.02281368821292773,-0.012207203432310743
2024-06-13,-6.430826811398838e-06,0.0012300123001229846,0.009920288799590837,-0.0015660438492279827,0.02983138780804162,0.02983781863485302
2024-06-14,-0.008681672025723564,-0.004914004914004955,-0.007858546168958758,0.017902536643409572,-0.03652392947103278,-0.027842257445309215
2024-06-17,-0.012974375608173827,-0.0012345679012345512,-0.00198019801980176,0.011317747077577156,-0.015686274509803977,-0.00271189890163015
2024-06-18,0.016069221260816002,0.006966093071861579,0.00694444444444442,-0.006935322860295412,-0.007968127490039945,-0.024037348750855947
2024-06-19,-0.0024330900243311193,-0.0005996002664890865,-0.009852216748768461,-0.005396539865615391,-0.034805890227577074,-0.032372800203245955
2024-06-20,-0.003658536585365746,-0.01939870675288302,-0.004975124378109319,-0.015053992233629465,-0.002773925104022079,0.0008846114813436667
2024-06-21,-0.002447980416156681,-0.0020000000000000018,0.003772943575798715,0.009829336789803245,-0.02781641168289284,-0.025368431266736158
2024-06-24,0.006115539618632759,0.010017616993544864,0.006852823039220413,-0.003743326239464162,0.017166262387027897,0.011050722768395138
2024-06-25,0.001238847351491934,-2.3990538130513883e-06,0.0016662709099493078,-0.004454063126282715,0.011252871164371792,0.010014023812879858
2024-06-26,0.0012180267965895553,0.004960317460317443,0.0008527954231074553,-0.00274917794188978,-0.026425591098748313,-0.02764361789533787
2024-06-27,0.0012165450121655041,0.001974333662388972,-0.015498258961817779,-0.026864864864864835,-0.010000000000000009,-0.011216545012165513
2024-06-28,0.006075334143377686,0.0197044334975367,-0.018406831176442484,-0.02199633394434264,0.051948051948051965,0.04587271780467428
2024-07-01,0.030193236714975757,0.004830917874396379,0.034935225426623306,5.679559266202894e-05,-0.021947873799725737,-0.052141110514701494
2024-07-02,-0.008653846153846123,0.0,0.006238679814852155,0.019422989550204273,0.0042075736325384305,0.012861419786384554
2024-07-03,-0.004849660523763344,-0.003516998827666762,-0.009506666666666663,0.0005571030640667551,-0.030726256983240052,-0.02587659645947671
2024-07-04,-0.02826510721247566,-0.018823529411764794,-0.022036157066512296,-0.011024498886414102,-0.008645533141210415,0.019619574071265244
2024-07-05,-0.004012036108325012,0.010791366906474753,-0.0227116311080523,-0.009627294223623628,-0.030523255813953543,-0.02651121970562853
2024-07-08,0.014098690835850913,0.024911032028470004,-0.0007958615200954755,0.01269718309859158,0.005997001499250532,-0.008101689336600382
2024-07-09,0.006951340615690249,0.005787037037036757,-0.015474768162940133,-0.00030597414518473975,-0.00894187779433675,-0.015893218410027
2024-07-10,-0.0009861932938857176,-0.010356731875719172,0.022883559664836683,0.017042411257729873,0.02406015037593967,0.02504634366982539
2024-07-11,0.017769002961500524,0.027906976744185963,0.015761821366024664,0.011442524058026482,0.0205580029368575,0.002788999975356976
2024-07-12,0.0019398642095054264,0.00452488687782826,-0.00934371523915467,-0.002650762094101977,-0.01726618705035976,-0.019206051259865187
2024-07-15,-0.0029041626331074433,-0.0022522522522524513,0.006624747361329453,0.0007458132754760705,0.013177159590043841,0.016081322223151284
2024-07-16,0.009708737864077666,0.020316027088036037,0.008867819297266877,0.017208672086721055,0.028901734104046284,0.019192996239968618
2024-07-17,0.0009615384615384581,0.005734460581444667,0.0412405329205594,-0.002590915145863959,0.002808988764044784,0.001847450302506326
2024-07-18,-0.003842459173871271,-0.004561003420752607,0.018771160125808706,0.005787098486859765,-0.011204481792717047,-0.007362022618845776
2024-07-19,-0.013500482160076932,-0.01718213058419238,-0.017448643830049404,0.0004222972972973693,-0.011331444759206777,0.002169037400870155
2024-07-22,-0.00488758553274693,0.0011655011655009595,-0.029352901934623143,-0.017517940059096793,-0.018624641833810962,-0.013737056301064032
2024-07-23,-0.004911591355599154,-0.004656577415599328,0.0006444683136410667,-0.010295532646047989,-0.029197080291970545,-0.02428548893637139
2024-07-24,-0.003948667324777944,-0.0035087719298246833,0.007567625590382043,-0.00661796363939382,0.007518796992481258,0.011467464317259202
2024-07-25,-0.00594648166501488,-0.02230046948356801,0.008629414584776063,-0.0058022076351460505,0.020895522388059584,0.026842004053074464
2024-07-26,0.00797607178464621,0.024009603841536498,-0.025455505677317136,-0.016994916291072193,-0.021929824561403466,-0.029905896346049676
2024-07-29,-0.0029673590504450953,0.0019509022923100972,-0.016412661195779443,-0.012896811204417657,0.008968609865470656,0.011935968915915751
2024-07-30,0.018849206349206282,0.029920506670338076,0.0011918951132301459,0.007680242306236318,0.0503703703703704,0.031521164021164116
2024-07-31,0.0,0.020238095238095166,-0.032258064516129004,-0.024710120454801254,-0.026798307475317196,-0.026798307475317196
2024-08-01,-0.012658227848101111,-0.011668611435239229,-0.0005122063831014545,-0.0178036605657238,-0.013043478260869601,-0.0003852504127684897
2024-08-02,-0.00887573964497046,-0.010625737898465104,0.01772709228048641,-0.0005082161612739444,-0.004405286343612258,0.0044704533013582015
2024-08-05,-0.01194029850746281,-0.01670644391408116,-0.003765930738079848,-0.011581920903954934,0.014749262536873031,0.02668956104433584
2024-08-06,0.0,0.00849514563106779,0.007688474407346657,-0.007316376107459277,-0.013081395348837233,-0.013081395348837233
2024-08-07,0.001007049345417954,0.008423586040914754,0.010731190392087697,-0.007312719525536804,0.019145802650957222,0.018138753305539268
2024-08-08,0.010060362173038406,0.017899761336515274,0.004270666601430051,-0.01392111368909521,0.037572254335260125,0.02751189216222172
2024-08-09,-0.0029880478087648266,0.0058616647127784915,-0.00048719376391981317,-0.00588235294117645,-0.04178272980501385,-0.038794681996249025
2024-08-12,-0.005994005994006013,0.0011655011655009595,-0.009114964138987491,0.028284023668639025,-0.007267441860465129,-0.001273435866459116
2024-08-13,-0.0030150753768843908,-0.002328288707799553,-0.006823564135178262,-0.009034411324663316,-0.007320644216691097,-0.004305568839806706
2024-08-14,0.011088709677419262,0.019836639439906545,0.009615792825302671,0.006910167818361401,0.019174041297935096,0.008085331620515834
2024-08-15,0.009970089730807707,0.012585812356979309,0.0012687427912341231,0.0030205551934625596,-0.01591895803183796,-0.025889047762645667
2024-08-16,0.015794669299111552,0.011404216104135223,0.019209039548022666,-0.004024594745667964,0.0,-0.015794669299111552
2024-08-19,0.004859086491739495,-0.012195121951219412,-0.0019081827365586834,-0.0041571753986331395,-0.01911764705882346,-0.023976733550562956
2024-08-20,0.0009671179883945502,-0.003612798020692698,-0.0049179390404302525,0.0056116722783390305,-0.01799100449775115,-0.0189581224861457
2024-08-21,0.0028985507246377384,-0.005311869524118662,0.027527153611861532,0.005580357142856984,-0.012213740458015265,-0.015112291182653004
2024-08-22,0.00867052023121384,0.0035034218644729442,-0.0011098779134296466,0.016778523489932917,-0.009273570324574876,-0.017944090555788716
2024-08-23,0.0019102196752627254,-0.002113089138439106,-0.013333333333333197,0.01166116611661172,0.018720748829953227,0.0168105291546905
2024-08-26,-0.0057197330791229906,-0.005616147308782016,0.0,-0.002283601565898241,-0.03369065849923447,-0.02797092542011148
2024-08-27,-0.009587727708533,-0.01073308310839205,-0.006756756756756799,-0.0037057220708446303,-0.014263074484944571,-0.004675346776411571
2024-08-28,-0.019361084220716362,0.01749460043196538,-0.030612244897959218,-0.011049119352368408,0.003215434083601476,0.02257651830431784
2024-08-29,0.021149083704804283,0.0029615004935834577,0.019579646017699126,-0.01403508771929829,0.08333333333333326,0.062184249628528976
2024-08-30,-0.004921259842519676,-0.03339130675794599,-0.01708798958446356,-0.004744958481613271,-0.050295857988165715,-0.04537459814564604
2024-09-02,-0.0029673590504450953,0.010752688172043001,-0.0166865315852206,0.02461504498040723,0.015576323987538832,0.018543683037983927
2024-09-03,-0.005952380952381042,-0.007092198581560183,0.00848484848484854,0.008079719903043348,-0.00920245398773012,-0.003250073035349077
2024-09-04,0.004990019960079861,0.003485714285714314,0.0,-0.0018701576275712561,0.020123839009288158,0.015133819049208297
2024-09-05,0.0009930486593843213,-0.004897215420534229,0.013221153846153744,-0.004550321199143559,-0.018209408194233667,-0.01920245685361799
2024-09-06,-0.02281746031746046,-0.01645207439198848,-0.005931198102016477,-0.004302231782737254,-0.015455950540958274,0.007361509776502184
2024-09-09,0.005076142131979822,0.0021818181818180626,0.014319809069212264,-0.02155009451795853,-0.010989010989011061,-0.016065153120990883
2024-09-10,-0.025252525252525193,0.0014513788098693414,-0.02941176470588236,0.029807904614705283,0.0015873015873015817,0.026839826839826775
2024-09-11,0.00932642487046631,-0.03256521739130436,0.014954974271012,0.02666666666666684,0.0,-0.00932642487046631
2024-09-12,-0.004106776180698213,-0.023167498089973315,-0.030895167678901547,-0.01416765053128699,0.0015847860538829028,0.005691562234581116
2024-09-13,0.007216494845360799,-0.028547767477168695,-0.003592814371257358,0.01580381471389658,0.02689873417721511,0.019682239331854312
2024-09-18,0.004094165813715467,0.024038461538461453,-0.004657036861630881,0.002682403433476477,0.04314329738058542,0.039049131566869955
2024-09-19,0.00917431192660545,0.0023156225218081694,-0.0011737089201878659,-0.006955591225254132,0.017725258493352936,0.008550946566747486
2024-09-20,0.01414141414141401,-0.0018830305715552553,0.014101057579318788,0.014008620689655027,0.005805515239477588,-0.008335898901936423
2024-09-23,0.03286852589641431,0.08803525849358707,0.05330243337195828,0.04952178533475049,0.02741702741702734,-0.005451498479386974
2024-09-24,0.012536162005786,0.028250303766707008,0.044004400440043945,0.01923357132449377,0.02668539325842678,0.014149231252640782
2024-09-25,0.06190476190476191,0.011866075824716882,0.03688092729188619,0.09292351679771271,0.09986320109439117,0.03795843918962927
2024-09-26,0.024215246636771326,0.10364459150406313,0.0030487804878047697,0.06553302812295603,0.09950248756218927,0.07528724092541794
2024-09-27,0.06917688266199651,0.0263424518743669,0.11057713504695554,0.07291922415909657,0.09954751131221706,0.030370628650220555
2024-09-30,0.036525172754195534,0.05487305487305494,0.18702608281392674,-0.014302059496567487,0.06790123456790131,0.03137606181370578
2024-10-08,-0.056190476190476235,-0.09316770186335421,-0.07420197330237954,-0.10019267822736044,-0.14715719063545152,-0.09096671444497528
2024-10-09,0.04036326942482349,0.04811894422317953,0.028116478074162288,-0.023554603854389677,0.0117647058823529,-0.02859856354247059
2024-10-10,-0.014548981571290143,-0.02170283806343898,-0.021347560975609747,-0.002192982456140413,-0.0628294573643412,-0.04828047579305106
2024-10-11,0.02362204724409467,0.025597269624573427,-0.001869170524427033,0.02637362637362628,0.03279705529591803,0.009175008051823363
2024-10-14,-0.014423076923076872,-0.009983361064891838,-0.02980043570808799,-0.01498929336188437,-0.034038122697421125,-0.019615045774344253
2024-10-15,0.008780487804878057,0.013445378151260678,-0.020427859096027068,0.08695652173913038,-0.03055302213746791,-0.03933350994234597
2024-10-16,-0.011605415860735047,-0.009121061359867455,-0.0183251231527094,-0.07899999999999985,-0.010049176822749528,0.0015562390379855184
2024-10-17,-0.006849315068493067,0.007531380753138084,0.03104509567777347,0.017372421281215855,0.07943844492440588,0.08628775999289895
2024-10-18,0.0009852216748766907,-0.019102990033222467,-0.007916937053861206,-0.019210245464247544,0.01388610988835115,0.01290088821347446
2024-10-21,-0.0029527559055116948,-0.0016934801016090795,0.009288330716902049,0.005440696409140466,-0.01109093779602155,-0.008138181890509855
2024-10-22,0.004935834155972207,0.00593723494486853,0.015878159429682404,0.009740259740259827,-0.004989024146876853,-0.00992485830284906
2024-10-23,-0.003929273084479212,-0.009274873524451888,-0.009760765550239081,-0.022508038585209,-0.012595266746891376,-0.008665993662412164
2024-10-24,-0.005917159763313751,-0.0034042553191488967,0.004284241721427495,0.002192982456140413,0.051673708157295994,0.057590867920609745
2024-10-25,-0.001984126984126866,-0.005977796754910281,0.003945216024633602,0.027352297592997843,-0.010197775030902245,-0.00821364804677538
2024-10-28,-0.006958250497018037,-0.008591065292096411,-0.021329073482428185,-0.027689030883919052,-0.017405557290040674,-0.010447306793022637
2024-10-29,-0.005005005005005114,-0.019064124783362058,0.00024810331544400377,0.009857612267250904,-0.01489395504011437,-0.009888950035109256
2024-10-30,-0.010060362173038073,0.005300353356890497,-0.0027480417754568442,0.006507592190889255,-0.008265129218239742,0.0017952329547983314
2024-10-31,0.010162601626016121,0.003901059700613274,0.004393673110720586,-0.018318965517241326,0.0008943816570452512,-0.00926821996897087
2024-11-01,0.005030181086519203,0.009421352893235646,0.002624671916010568,-0.004390779363336872,0.020308692120227345,0.015278511033708142
2024-11-04,0.007007007007007182,0.018595788657796097,0.016579406631762605,0.029768467475193017,0.04056528662420389,0.03355827961719671
2024-11-05,-0.010934393638171058,-0.0037983753860201253,-0.008583690987124415,0.017130620985010836,-0.018707678182026788,-0.00777328454385573
2024-11-06,0.03316582914572863,0.03116883116883118,0.04973901973265438,0.04105263157894745,0.024561403508772006,-0.008604425636956625
2024-11-07,-0.021400778210116655,-0.015952980688497043,-0.02375177365172154,-0.020167427701674345,-0.03842264914054605,-0.017021870930429395
2024-11-08,-0.03379721669980129,-0.010238907849829504,-0.007428709851736381,0.03883495145631066,-0.022082018927444658,0.011715197772356634
2024-11-11,-0.005172413793103514,-0.006172839506172867,-0.013022446668043308,0.02063551401869157,-0.011827956989247324,-0.006655543196143809
2024-11-12,0.006065857885615422,-0.0031055900621117516,0.0008242454983513614,0.032891363270090235,-0.01305767138193692,-0.01912352926755234
2024-11-13,-0.00602928509905265,0.0020768431983384517,-0.0029775102945835963,-0.013230429988974612,-0.024822695035460973,-0.018793409936408323
2024-11-14,-0.008665511265164572,-0.011398963730570033,-0.009403990341847801,-0.02681564245810042,-0.03432727272727265,-0.02566176146210808
2024-11-15,0.027097902097902082,0.03039832285115307,0.0,0.014925373134328401,-0.00994125621328501,-0.03703915831118709
2024-11-18,-0.005957446808510514,-0.004069175991861629,-0.01095574085952522,-0.010180995475113197,0.02205994218773788,0.028017388996248394
2024-11-19,-0.003424657534246478,-0.008171603677221473,0.0018742866037149142,0.0011428571428571122,-0.004353974397142135,-0.0009293168628956572
2024-11-20,-0.004295532646048206,0.001029866117404632,0.00020714521526921104,-0.0091324200913242,0.0026537095869931804,0.006949242233041386
2024-11-21,-0.026747195858498718,-0.024691358024691246,-0.024146835541346112,-0.02995391705069128,-0.03414597778274797,-0.007398781924249254
2024-11-22,-0.00886524822695045,-0.015822784810126778,-0.006134684511413968,-0.004750593824227933,0.0192975685063681,0.028162816733318552
2024-11-25,0.00805008944543828,0.006959968503306602,-0.002143622722400873,-0.0023866348448688957,-0.027943960620976815,-0.035994050066415095
2024-11-26,0.010647737355812037,0.006660039761431369,0.012889366272824887,0.010765550239234534,0.012387036459956091,0.0017392991041440542
2024-11-27,-0.004389815627743654,-0.0006912214871136468,0.001060445387062403,0.0035502958579882726,-0.02000769526741053,-0.015617879639666876
2024-11-28,0.003527336860670305,0.00509881422924896,0.0021186440677967155,0.014150943396226356,0.025677267373380497,0.022149930512710192
2024-11-29,0.0008787346221439396,-0.00048501055225658174,0.003171247357293794,0.009302325581395543,0.003636502832644384,0.002757768210500444
2024-12-02,0.008779631255487308,0.0011409836065572332,0.01685985247629085,0.00691244239631339,-0.0013349097982380265,-0.010114541053725334
2024-12-03,-0.0026109660574412663,-0.004414635104863951,0.01036269430051795,-0.021739130434782594,-0.010960892147876433,-0.008349926090435167
2024-12-04,-0.0017452006980803736,-0.005921052631578938,-0.011282051282051175,-0.0035087719298246833,-0.01146850986600767,-0.009723309167927296
2024-12-05,0.006624751819986674,0.019230769230769384,0.006224066390041472,0.018779342723004744,0.041210937500000044,0.03458618568001337
2024-12-06,-0.0014529819001846134,0.0008576329331044796,-0.004123711340206171,-0.02995391705069128,0.005627462014631268,0.0070804439148158815
2024-12-09,0.01829734000526706,0.010282776349614275,0.01449275362318847,0.019002375296912177,0.009401231113598252,-0.008896108891668808
2024-12-10,-0.00710595568314798,-0.005089058524172851,-0.01734693877551019,0.00815850815850827,-0.012824777321949754,-0.005718821638801774
2024-12-11,0.01966657983849962,0.010230179028132946,0.019730010384215957,0.0046242774566473965,0.02474728566080109,0.005080705822301468
2024-12-12,-0.0298888746966407,-0.024472573839662504,-0.016293279022403295,-0.032220943613348596,-0.024405392568777273,0.005483482127863426
2024-12-13,0.005398288347597147,0.0008650519031141446,-0.0020703933747412417,-0.021403091557669396,0.0006366325880988732,-0.004761655759498273
2024-12-16,-0.0034572169403630504,0.020167627029858526,-0.01141078838174292,-0.010935601458080257,0.02470059880239517,0.02815781574275822
2024-12-17,0.01040763226366015,0.008664955070603275,0.0010493179433368471,0.0,-0.008728999269539739,-0.019136631533199888
2024-12-18,-0.0051502145922747156,-0.0010482180293501786,-0.013038498250079522,-0.02825552825552835,-0.005968829446225343,-0.0008186148539506277
2024-12-19,0.0025884383088869978,0.005246589716684236,-0.0033604842253781575,-0.011378002528444897,-0.026242633159123896,-0.028831071468010894
2024-12-20,0.009466437177280573,0.03653444676409179,0.002923784494086812,-0.020460358056266004,0.0030071181150319592,-0.006459319062248614
2024-12-23,0.011082693947144007,0.008103770185724946,0.020140986908358638,0.009138381201044377,0.017950664136622496,0.0068679701894784895
2024-12-24,0.005059021922428242,-0.005731664522166224,0.021717670286278246,-0.02457956015523932,-0.0009693173768779983,-0.00602833929930624
2024-12-25,-0.005033557046979831,-0.0014444444444444704,-0.0009661835748790981,-0.003978779840848712,-0.02507743404112417,-0.02004387699414434
2024-12-26,-0.00252951096121401,0.000772357457504036,0.0019342359767891004,0.005326231691078487,0.002870813397129357,0.005400324358343367
2024-12-27,0.01014370245139462,-0.0025965192253608604,0.010617760617760652,-0.025165562913907147,0.017480916030534255,0.007337213579139634
2024-12-30,-0.02092050209205021,-0.0006557377049180024,-0.017191977077364085,-0.013586956521739246,-0.002175707104808966,0.018744794987241242
2024-12-31,-0.023076923076922995,-0.023622047244094557,-0.015549076773566428,-0.02066115702479321,-0.027142857142857357,-0.004065934065934362
2025-01-02,-0.004374453193350836,-0.008736559139784883,-0.00691016781836129,-0.015471167369901617,-0.004443929206275454,-6.947601292461858e-05
2025-01-03,0.005272407732864526,-0.023728813559321993,0.00894632206759427,-0.0028571428571428914,-0.0034157512712029714,-0.008688159004067497
2025-01-06,0.006118881118881259,0.0001388888888889106,0.011822660098522064,0.01002865329512903,-0.028432327166504345,-0.034551208285385604
2025-01-07,-0.0008688097306690512,0.001597000416608818,-0.012765957446808529,0.002921129503408171,-0.016476247745038974,-0.015607438014369923
2025-01-08,-0.008695652173912993,0.0010398613518196598,-0.001436781609195359,-0.010679611650485588,0.008111192630634978,0.01680684480454797
2025-01-09,-0.00877192982456132,-0.037410071942446055,-0.005540166204986097,-0.0058881256133462845,-0.0053774309626816175,0.0033944988618797023
2025-01-10,-0.00884955752212413,0.005557103064066871,0.010463378176382765,-0.012833168805528206,0.003699186991869885,0.012548744513994015
2025-01-13,0.016071428571428736,0.019750966079862486,0.016000000000000014,0.022189349112426093,0.03762504556316082,0.021553616991732083
2025-01-14,0.00878734622144095,-0.0008353140916808055,0.004921259842519676,-0.00723589001447178,-0.020804059328649482,-0.029591405550090433
2025-01-15,-0.01691735711324227,0.007839721254355503,0.0,0.00291545189504383,-0.0037469605771913717,0.013170396536050899
2025-01-16,0.0057868609908875435,-0.01037165082108904,0.005876591576885248,-0.03633720930232576,0.0062817588924899415,0.000494897901602398
2025-01-17,0.013782436844818724,-0.0026200873362445254,0.009737098344693385,0.03318250377073895,0.055745526838966164,0.04196308999414744
2025-01-20,-0.007880910683012332,-0.004509085977759564,0.0,0.07445255474452583,-0.005046700813497895,0.002834209869514437
2025-01-21,-0.02118270079435125,-0.018492660831658903,-0.032786885245901565,-0.02339314104019985,-0.04619565217391319,-0.025012951379561943
2025-01-22,0.02073940486925152,0.00138792505204699,0.027916251246261403,-0.0019379844961241455,0.04843304843304863,0.02769364356379711
2025-01-23,-0.00485100485100487,0.0017667844522968323,0.007759456838021261,0.01699809571379518,0.0040760869565217295,0.0089270918075266
2025-01-24,-0.0007033426183844504,0.011463844797178213,0.025024061597689995,-0.013889954723352083,-0.016238159675236785,-0.015534817056852335
2025-01-27,-0.021735343103436278,-0.008718395815170199,-0.022535211267605715,-0.018988326848249026,-0.04126547455295748,-0.019530131449521204
2025-02-05,0.006439663769767678,-0.0008795074758134458,0.0019212295869357465,0.0038870379184514636,0.007173601147776099,0.0007339373780084202
2025-02-06,0.0017605633802817433,0.016392514368223088,-0.008628954937679678,0.03231924140655873,0.05698005698005715,0.055219493599775404
2025-02-07,0.004393673110720586,-0.003126740947075324,-0.0067698259187621845,-0.010831292100428658,0.0,-0.004393673110720586
2025-02-10,-0.0008748906386701893,-0.009437586883780047,0.002921129503408171,-0.025730315341458643,-0.02425876010781669,-0.0233838694691465
2025-02-11,0.0,0.017630465444287813,0.010679611650485477,0.013899920571882385,0.09944751381215466,0.09944751381215466
2025-02-12,0.007005253940455258,0.015287595287595268,-0.009606147934678066,0.023854289071680412,0.0012562814070353756,-0.005748972533419883
2025-02-13,0.004347826086956719,0.006784705063273888,0.009699321047526466,0.03182983281686358,-0.020075282308657516,-0.024423108395614235
2025-02-14,0.019913419913419883,-0.0022915254237289018,-0.01344860710854956,-0.0011493826702755339,-0.01664532650448136,-0.036558746417901244
2025-02-17,0.002546689303905003,0.0022967885731370874,0.022395326192794718,0.00508537490720129,-0.02083333333333337,-0.023380022637238373
2025-02-18,-0.008467400508044065,0.010847457627118695,-0.005714285714285894,0.010267016286885644,0.01728723404255339,0.025754634550597455
2025-02-19,-0.004269854824935915,-0.01140174379610992,-0.004789272030651048,-0.012246390056662393,-0.016993464052287632,-0.012723609227351718
2025-02-20,-0.0017152658662091813,0.00964043419267302,-0.009624639076034835,0.01980014803848995,0.013297872340425565,0.015013138206634746
2025-02-21,-0.004295532646048206,-0.006141606359317708,-0.007774538386783103,-0.01469787697332603,0.026246719160105014,0.03054225180615322
2025-02-24,-0.010353753235547769,-0.01694984010222622,-0.010773751224290029,-0.0074401473296500376,-0.017902813299232823,-0.0075490600636850536
2025-02-25,0.0043591979075847664,0.00413342503438785,0.007920792079207928,-0.0031913314531690773,0.02083333333333326,0.016474135425748493
2025-02-26,0.00868055555555558,0.017499880137807233,0.005893909626718985,0.005137368773732387,-0.003826530612244805,-0.012507086167800385
2025-02-27,-0.0077452667814114085,0.010252026171948758,-0.006835937499999889,-0.02111111111111108,-0.007682458386683688,6.280839472772026e-05
2025-02-28,-0.0017346053772766545,-0.009175167744987611,-0.001966568338249708,0.03492243662504735,0.005161290322580614,0.0068958956998572685
2025-03-03,0.0,-0.011371736762114892,-0.0049261083743843415,-0.0384966914049647,-0.019255455712451797,-0.019255455712451797
2025-03-04,0.01303214596003488,0.014851485148515087,-0.0025440273176836614,-0.007642585551330683,-0.014397905759162222,-0.0274300517191971
2025-03-05,-0.002572898799313883,-0.011707317073170742,0.027012282029774237,0.012720793900149463,0.03187250996015911,0.034445408759472995
2025-03-06,0.0034393809114359186,0.000987166831194486,0.009973572026189093,-0.013431198214218232,-0.030888030888030715,-0.034327411799466634
2025-03-07,-0.006855184233076184,-0.0039447731755425375,0.0012491781722550055,-0.01633686148182223,-0.006640106241699861,0.00021507799137632233
2025-03-10,0.0017256255392579245,0.001980198019801982,0.01692822903670632,-0.005068226120857666,-0.006684491978609763,-0.008410117517867688
2025-03-11,0.020671834625323182,0.0,-0.003938838236433706,-0.002742946708463978,0.0013458950201885589,-0.019325939605134623
2025-03-12,-0.0008438818565401629,0.009881422924901129,-0.0031181527052080993,-0.012096774193548487,-0.005029469548133547,-0.004185587691593384
2025-03-13,0.010979729729729826,0.019569471624266255,0.05868237772878904,0.034673406523971106,0.02585034013605436,0.014870610406324536
2025-03-14,-0.039264828738513,0.017274472168905763,0.006050331386170837,-0.022900763358778664,0.0026525198938991412,0.041917348632412144
2025-03-17,0.0037735849056605986,-0.0008695652173912327,-0.008462261731771892,-0.003968253968253954,0.00390625,0.00013266509433940143
2025-03-18,0.0009398496240600185,0.0026109660574411553,0.007210591133004929,-0.007968127490039945,0.03264591439688713,0.031706064772827114
2025-03-19,0.0009389671361501595,-0.0026041666666665186,-0.01938607699408823,-0.0053547523427042165,-0.012208447944534573,-0.013147415080684732
2025-03-20,-0.017823639774859124,-0.006092254134029695,-0.009421265141318802,-0.018859102244389025,-0.023459851230211548,-0.0056362114553524245
2025-03-21,0.013371537726838412,-0.003502626970227629,-0.024456521739130488,0.005877680698967325,0.008437500000000098,-0.004934037726838314
2025-03-24,0.0,0.004393673110720586,0.001392757660167332,-0.004737839545167377,0.005113108149984447,0.005113108149984447
2025-03-25,-0.013195098963242113,-0.004374453193350836,0.0013908205841446364,0.00031735956839096247,-0.009865885617388659,0.0033292133458534545
2025-03-26,0.0076408787010504575,0.0008787346221439396,-0.004166666666666652,0.008248730964466988,0.007628833878249974,-1.2044822800483246e-05
2025-03-27,-0.010426540284360297,-0.00351185250219499,-0.006973500697350032,-0.002385147891755812,-0.00803461063040789,0.002391929653952407
2025-03-28,-0.0009578544061301653,-0.007929515418502064,-0.0098314606741573,-0.015272424473729118,-0.015031152647975055,-0.01407329824184489
2025-03-31,-0.007670182166826467,0.000888099467140302,0.008510638297872353,-0.0031902626521459476,-0.01533960623072661,-0.007669424063900143
2025-04-01,0.010628019323671634,0.008873114463176401,-0.00984528832630116,0.00032120774110655503,-0.00449865682960382,-0.015126676153275453
2025-04-02,0.0019120458891013214,-0.0026385224274404484,0.014204545454545414,-0.024323673436621895,0.012821009412402828,0.010908963523301507
2025-04-03,-0.07919847328244278,-0.05643738977072321,-0.07563025210084029,-0.11461247325983215,-0.04390393146703386,0.03529454181540892
2025-04-07,0.011214953271028172,0.030000000000000027,0.030303030303030276,0.05699481865284972,0.01779574388997296,0.006580790618944787
2025-04-08,-0.001848428835489746,-0.0025631067961163767,0.038235294117647145,-0.01862745098039209,-0.03496918511755309,-0.033120756282063346
2025-04-09,0.0092592592592593,0.00516534288532422,0.019830028328611915,-0.0009990009990010762,0.03117460617815415,0.02191534691889485
2025-04-10,-0.0009174311926606338,0.012898644286636562,-0.01666666666666672,0.007000000000000117,0.027617212588310958,0.02853464378097159
2025-04-11,0.0036730945821854544,-0.01082869125164121,-0.004237288135593209,0.010923535253227312,0.0,-0.0036730945821854544
2025-04-14,0.003872447631750209,0.0018298261665141702,-0.008510638297872242,0.02848722986247565,0.018526785714285676,0.014654338082535467
2025-04-15,0.004566210045662267,0.000750962772785746,0.007153075822603494,0.012416427889206938,-0.014288845058075816,-0.018855055103738083
2025-04-16,0.005454545454545379,0.0069460033222803474,0.022727272727272707,0.014150943396226578,0.004935746364889582,-0.000518799089655797
2025-04-17,0.010849909584086603,-0.0025859872611463386,0.015277777777777724,0.005581395348837281,-0.002389380530973373,-0.013239290115059976
2025-04-18,-0.014311270125223596,-0.009540595425112208,-0.017783857729138153,-0.022201665124884418,0.026168721724474375,0.04047999184969797
2025-04-21,-0.0014184397163120588,0.001814882032667775,0.0,0.013245033112582849,0.01704616182572627,0.018464601542038328
2025-04-22,0.0020661157024794985,-0.0027173913043477826,-0.01532033426183832,-0.0037348272642390157,0.011530625514760029,0.00946450981228053
2025-04-23,0.00016108247422663702,0.0018165304268846771,0.0014144271570013522,0.006560449859418949,0.015084636811656393,0.014923554337429756
2025-04-24,-0.0014495087775808768,-0.0018132366273798661,-0.004237288135593209,-0.013966480446927387,-0.0011398657491451525,0.00030964302843572433
2025-04-25,0.0,-0.0009082652134422275,-0.031205673758865182,0.014164305949008416,-0.007396449704141994,-0.007396449704141994
2025-04-28,-0.003870967741935516,-0.0018181818181817189,-0.002928257686676483,0.008379888268156499,-0.012007664466680779,-0.008136696724745263
2025-04-29,0.0019430051813471572,-0.006375227686703178,0.0,0.012003693444136543,-0.0022841873895617093,-0.0042271925709088665
2025-04-30,0.0020685197155785318,0.004582951420714965,0.002936857562408246,0.019160583941605802,0.0005615550755939669,-0.0015069646399845649
2025-05-06,0.003096374661333945,0.006386861313868453,0.01024890190336758,0.01790510295434178,0.03013426585502743,0.027037891193693486
2025-05-07,0.014913183279742892,0.004533091568449832,-0.0028985507246377384,0.022867194371152477,0.024977997569255228,0.010064814289512336
2025-05-08,0.00631768953068601,0.008230948111444203,-0.014534883720930258,0.014617368873602654,0.015128593040847127,0.008810903510161117
2025-05-09,0.0008968609865469546,0.008371145942005276,-0.007627118644067843,0.010324483775810966,0.035163330245297386,0.03426646925875043
2025-05-12,0.011648745519713177,-0.008850109068245682,0.0315969257045261,0.0014598540145986938,0.00688715953307395,-0.004761585986639227
2025-05-13,0.01240035429583708,0.02810161604728667,0.004373177842565523,0.005794701986754802,0.014800788344862426,0.002400434049025346
2025-05-14,-0.0034995625546807574,-0.0018226411170710888,-0.014513788098693747,0.011522633744855959,-0.009215536938309232,-0.005715974383628475
2025-05-15,-0.0008779631255486642,-0.0109558152217204,-0.002945508100147265,-0.015459723352318933,-0.0031516642324543875,-0.0022737011069057234
2025-05-16,-0.0008787346221442727,-0.021776436842137925,0.004431314623338123,-0.008264462809917328,0.002467612584823975,0.0033463472069682476
2025-05-19,0.0017590149516271136,0.004445908117898911,-0.002941176470588114,0.011538461538461497,0.022499999999999964,0.02074098504837285
2025-05-20,0.007901668129938644,-0.0031715006305168547,-0.002949852507374673,0.042129277566539836,0.0,-0.007901668129938644
2025-05-21,0.0060975609756097615,-0.013313609467455634,-0.0006135473791407664,0.013039934800326058,-0.013536193812025643,-0.019633754787635405
2025-05-22,-0.007792207792207795,-0.005997001499250421,-0.004683544303797582,-0.016090104585679832,-0.012501386988201357,-0.0047091791959935625
2025-05-23,-0.003490401396160636,0.0,-0.014053160371359397,-0.01471790678659024,-0.04153713622233035,-0.038046734826169715
2025-05-26,0.0061295971978985175,0.006033182503770718,-0.004256691389874279,0.011618257261410747,-0.007463853067604553,-0.013593450265503071
2025-05-27,0.003481288076588207,0.0014992503748125774,-0.004469201373145992,0.0024610336341264194,-0.0015354935233672373,-0.005016781599955444
2025-05-28,-0.006071118820468291,0.0029940119760480943,0.0019518542615484247,-0.004091653027823328,-0.0069006309148264,-0.0008295120943581091
2025-05-29,0.008726003490401313,-0.008955223880597107,-0.011688311688311748,0.013147082990961456,-0.007345642247369555,-0.016071645737770868
2025-05-30,0.021626297577854725,-0.009036144578313365,-0.00854139290407352,0.017031630170316392,0.0046000000000001595,-0.017026297577854566
2025-06-03,0.002540220152413175,0.006079027355623268,0.0006361829025844923,-0.012759170653907415,-0.00039816842524376117,-0.0029383885776569363
2025-06-04,-0.014358108108108114,0.0030211480362538623,0.0026755675647036625,-0.004846526655896577,0.0017924716191992651,0.01615057972730738
2025-06-05,-0.006024096385542244,0.0025706940874035134,-0.005026420079260241,0.0,-0.010417495029821144,-0.004393398644278901
2025-06-06,0.003030303030303161,0.0008547008547008517,-0.01346264911477113,-0.0008116883116884299,-0.013259402121504227,-0.016289705151807388
2025-06-09,-0.0030211480362538623,0.008539709649872052,-0.0074691644629265586,0.004061738424045336,-0.009935662513234078,-0.006914514476980216
2025-06-10,-0.004545454545454519,0.003386960203217493,0.003383027911675107,-0.0008090614886731018,0.030270625976803522,0.03481608052225804
2025-06-11,-0.009132420091324311,0.016536277465923677,-0.01418918918918921,0.00890688259109318,-0.002754491017963989,0.006377929073360322
2025-06-12,-0.01075268817204289,-0.021967100753941038,-0.008561643835616417,-0.009630818619582815,-0.006444898122573206,0.004307790049469684
2025-06-13,0.020186335403726607,-0.0032657065769648996,0.018134715025906578,0.01944894651539708,-0.006204673650281989,-0.026391009054008596
2025-06-16,-0.006088280060882689,0.003311560933424218,-0.00254452926208637,-0.0031796502384737746,-0.001621665450417531,0.004466614610465158
2025-06-17,-0.0014015416958654825,-0.013782542113323193,0.0008503401360542284,0.019138755980861122,-0.0028019166734346568,-0.0014003749775691743
2025-06-18,0.0007017543859650921,-0.018633540372670843,-0.005947323704333041,-0.003129890453833939,-0.014130390520014635,-0.014832144905979727
2025-06-19,0.001865357643758836,-0.004746835443038111,0.011965811965811923,0.0219780219780219,-0.007600165220983057,-0.009465522864741893
2025-06-20,-0.006061624179300895,0.0,0.007601351351351537,0.022273425499232058,-0.00270540248064588,0.0033562216986550153
2025-06-23,0.012112676056337923,0.009538950715421324,0.0,0.0,0.02633446016443375,0.014221784108095825
2025-06-24,-0.0009323684942945665,0.012598425196850283,0.010896898575021075,0.01126972201352383,0.03651594014313608,0.03744830863743065
2025-06-25,0.008331809032090298,0.029021558872305064,-0.0062208398133748455,0.011887072808320909,-0.008277755982738388,-0.016609565014828687
2025-06-26,-0.011908450704225415,0.0,-0.01692183722804186,-0.0051395007342143195,-0.007120534831282721,0.004787915872942694
2025-06-27,0.004582742375756288,0.0046948356807512415,0.02435424354243554,-0.010655737704918011,0.0049005936491492985,0.00031785127339301056
2025-06-30,-0.0031358192859980427,-0.010903426791277315,0.021613832853025983,0.01905550952775492,-0.0028546507017682687,0.000281168584229774
2025-07-01,0.003202619030673981,0.023622047244094446,0.001626016260162455,0.0014104372355430161,-0.0041749502982108,-0.007377569328884781
2025-07-02,0.004256526674233818,-0.006153846153846176,-0.0014084507042253502,0.0024350649350648457,0.048472749051706954,0.044216222377473136
2025-07-03,0.004676462277479532,-0.003095975232197956,0.028208744710860545,0.020242914979757165,0.012224380212498609,0.007547917935019077
2025-07-04,-0.008100012656269806,0.012422360248447228,0.014285714285714235,0.00137174211248281,-0.018472535741158813,-0.010372523084889007
2025-07-07,0.003834975544056096,0.006134969325153339,-0.02534246575342458,-0.007042253521126862,0.009275940051362674,0.005440964507306578
2025-07-08,0.0019560627352395166,-0.0030487804878047697,0.011820330969267268,-0.0042164441321153046,0.02844555846720609,0.026489495731966572
2025-07-09,0.005370433017591436,0.033639143730886945,0.02647975077881637,0.0021171489061395654,0.004431314623338123,-0.0009391183942533132
2025-07-10,0.000350508236943492,-0.020485584218512987,0.0,-0.028169014084507005,-0.0018382352941177516,-0.0021887435310612435
2025-07-11,-0.0023826208829712536,-0.014792899408283988,0.005422153369481153,0.022463768115941862,-0.011049723756905938,-0.008667102873934684
2025-07-14,-0.008850800786737834,-0.009009009009009139,-0.01926040061633283,-0.01275690999291279,-0.0027932960893856107,0.006057504697352223
2025-07-15,2.1261516654824675e-05,-0.0060606060606061,-0.0070699135899451315,-0.0029582376742671723,-0.012511671335200814,-0.012532932851855638
2025-07-16,0.0037702954579279524,0.0,-0.003955696202531667,-0.0029673590504452063,0.004160363086233021,0.0003900676283050686
2025-07-17,0.014579729586613466,0.001524390243902607,0.008737092930897639,0.0014880952380953438,0.021468926553672274,0.006889196967058808
2025-07-18,0.0041753653444676075,0.004566210045662045,-0.007086614173228423,0.0014858841010401136,0.031194690265486935,0.027019324921019328
2025-07-21,0.015232155232155264,0.01515151515151536,-0.009516256938937317,-0.01854599406528179,0.025030394049917692,0.009798238817762428
2025-07-22,0.00718098540594414,0.0029850746268655914,0.0032025620496396456,0.0075585789871503994,0.0012558431591431773,-0.005925142246800963
2025-07-23,0.01084378176889178,0.013392857142857206,-0.01436552274541103,-0.02025506376594144,-0.006341021531600433,-0.017184803300492213
2025-07-24,-0.024472008045591687,-0.004405286343612258,0.0,0.0007656967840734552,-0.008415147265077194,0.016056860780514493
2025-07-25,-0.01123024054982813,0.001474926253687281,0.00890688259109318,0.0007651109410864443,0.012376237623762387,0.023606478173590517
2025-07-28,0.00023633103026443614,0.002945508100147265,-0.009630818619582704,-0.022171253822629966,0.019280475026196342,0.019044143995931906
2025-07-29,0.007255038220986831,-0.01615271659324513,0.012155591572123203,0.0070367474589523304,-0.050476321019806814,-0.057731359240793645
2025-07-30,-0.019159123523567856,-0.0388059701492538,-0.02081665332265803,-0.005434782608695565,-0.04500342848893857,-0.025844304965370712
2025-07-31,-0.003284869203120211,0.004088307440719419,-0.007763975155279712,0.00858704137392663,-0.005857455974605075,-0.002572586771484864
2025-08-01,0.0014114326040932657,0.0016286644951140072,0.016253869969040435,0.003129890453834383,0.012962329418025886,0.01155089681393262
2025-08-04,0.006159267089499654,0.013821138211381978,0.04722010662604714,0.006240249609984261,-0.002927048934254106,-0.00908631602375376
2025-08-05,-0.002703573479765131,-0.000801924619085792,-0.0015503875968991832,0.0029090909090909722,-0.0026345502446367686,6.902323512836261e-05
2025-08-06,-0.0010745287524230873,0.0008025682182986049,0.004658385093167627,0.010152284263959421,-0.0073584905660376565,-0.006283961813614569
2025-08-07,-0.0009702253313178533,-0.005613472333600655,-0.0030911901081916993,0.017229002153625217,0.0016346702147880254,0.0026048955461058787
2025-08-08,-0.008064516129032251,0.01691098334236485,0.0046511627906977715,-0.013408609738884913,0.0006831638074995539,0.008747679936531805
2025-08-11,0.0024390243902439046,-0.005508650519031266,-0.0015432098765433278,-0.006437768240343367,-0.0015550329970416277,-0.003994057387285532
2025-08-12,-0.005677210056772131,-0.011822913767188137,-0.0015455950540959051,-0.004319654427645814,0.0393162393162394,0.04499344937301153
2025-08-13,-0.004893964110929905,0.004887151860849981,-0.004643962848297156,0.002892263195950706,0.0229897660818712,0.027883730192801104
2025-08-14,-0.00983606557377037,-0.0034408089755360027,0.01555209953343728,-0.020187454938716654,0.0027868091035765374,0.012622874677346907
2025-08-15,0.0,0.004514513951395127,-0.004594180704441175,0.003679175864606421,0.008301564114440607,0.008301564114440607
2025-08-18,-0.0016556291390728006,0.006650332516625834,0.004615384615384688,0.003665689149560114,-0.018374558303887012,-0.01671892916481421
2025-08-19,0.0008291873963515162,0.008344923504867818,0.003062787136293821,0.0021913805697588717,0.008665622044353949,0.007836434648002433
2025-08-20,0.006628003314001596,-0.0012068965517242347,0.0015267175572517555,0.004373177842565523,-0.0007163323782234388,-0.007344335692225035
2025-08-21,-0.007407407407407307,0.010840669773864997,0.0,0.011611030478954953,0.029318996415770515,0.03672640382317782
2025-08-22,0.03233830845771135,0.018019741111376497,0.09146341463414642,0.0064562410329984665,0.010794623581029228,-0.021543684876682123
2025-08-25,-0.005851053122462702,-0.0072289156626504925,0.0,-0.0026870607689126746,-0.023743016759776414,-0.017891963637313713
2025-08-26,-0.022684782095153233,-0.024271844660194053,-0.019957234497505305,-0.03868739205526761,-0.03576537911301869,-0.013080597017865458
2025-08-27,-0.0013121546961326613,0.0016583747927030323,0.008000000000000007,-0.0031979877829679815,0.004451038575667532,0.005763193271800193
2025-08-28,0.023442362215614576,-0.002483443708609201,-0.016594516594516495,0.10370931112793347,0.002954209748892156,-0.02048815246672242
2025-08-29,-0.002635135135135247,-0.01327800829875525,-0.010271460014673495,0.002945508100147265,-0.0071199947743157965,-0.0044848596391805495
2025-09-01,0.010297405324842579,0.007569386038688064,0.01779095626389937,-0.013215859030837107,-0.0037171052631580492,-0.014014510588000628
2025-09-02,-0.0072084758264601145,-0.019198664440734592,0.0036416605972322547,-0.02083333333333337,0.020239706804899837,0.027448182631359952
2025-09-03,-0.005329100672047504,-0.0007256894049347817,-0.0008510638297872797,-0.0075987841945286405,-0.016084142394822143,-0.010755041722774639
2025-09-04,0.0070213083807531,-0.005809731299927345,-0.0017035775127767216,0.009188361408881907,0.06933526296747061,0.06231395458671751
2025-09-05,-0.008035062089116196,0.012292650033715491,-0.0017064846416383617,0.025796661608497695,0.000799729322383147,0.008834791411499343
2025-09-08,0.032400589101620136,0.0025112740885806506,0.004273504273504258,0.014792899408283988,-0.016504287426622022,-0.04890487652824216
2025-09-09,0.011302325581395323,0.0017021276595743373,-0.003566333808844413,0.0,-0.012375000000000025,-0.023677325581395348
2025-09-10,0.0009789686007317666,0.00679694137638065,0.010737294201861092,-0.004373177842565523,0.020598658397671388,0.01961968979693962
2025-09-11,-0.004922874958976031,-0.010970464135021007,-0.03682719546742208,0.016105417276720546,0.007595721593551152,0.012518596552527184
2025-09-12,-0.0005936675461741814,-0.005972696245733822,-0.012500000000000067,0.00432276657060493,0.0913846153846154,0.09197828293078958
2025-09-15,-0.00997953930433626,-0.0008583690987125081,-0.02010424422933732,0.010043041606886627,-0.0036086833944175556,0.0063708559099187045
2025-09-16,-0.004653395378604985,0.0,-0.015197568389057614,0.0014204545454545858,0.0670024333654009,0.07165582874400589
2025-09-17,-0.016771600803750952,-0.019759450171821236,-0.01620370370370383,-0.039716312056737646,-0.027075046406788705,-0.010303445603037753
2025-09-18,6.812174718762165e-06,0.0035056967572304476,0.004705882352941337,0.03101920236336797,0.004360980130284409,0.0043541679555656465
2025-09-19,-0.00995933159397,-0.0061135371179037445,-0.021077283372365474,0.002865329512893977,0.004233493446226477,0.014192825040196477
2025-09-22,0.012302284710017375,-0.004080228437747246,-0.0071770334928229484,-0.03428571428571425,-0.005134441291717584,-0.01743672600173496
2025-09-23,-0.005208333333333148,-0.0037445938290199265,-0.01847389558232926,0.011834319526627057,0.03199782697270148,0.03720616030603463
2025-09-24,-0.005235602094240899,-0.0020804438280165316,0.017184942716857554,-0.005847953216374324,0.034006264311846834,0.03924186640608773
2025-09-25,0.0,-0.00277970813064643,-0.014481094127111849,0.0,-0.03169148529973287,-0.03169148529973287
2025-09-26,0.018020905923344932,-0.0026315789473685403,-0.015510204081632617,0.0014705882352943345,0.04461093585699283,0.026590029933647896
2025-09-29,-0.0026385224274404484,-0.01154799227852088,-0.013266998341625147,0.011747430249632762,0.011651609331353674,0.014290131758794122
2025-09-30,0.005291005291005346,-0.00499310937056352,-0.008403361344537785,-0.014513788098693747,0.019626865671641625,0.014335860380636278
2025-10-09,0.002631578947368318,-0.0047188852851515195,0.003389830508474523,-0.005891016200294641,-0.06816462953475322,-0.07079620848212154
2025-10-10,-0.002624671916010457,-0.00755244755244755,0.05658783783783772,-0.026666666666666616,-0.019505170833878815,-0.01688049891786836
2025-10-13,0.014912280701754321,0.02242108229988715,-0.006088280060882689,0.02078337330135893,-0.044058744993324295,-0.058971025695078616
2025-10-14,0.006178126720443489,0.007567090736171789,-0.006125574272588086,0.03132341425215346,0.03156424581005579,0.025386119089612302
2025-10-15,0.012280701754385781,0.01567031463748303,-0.013867488443759735,0.011389521640091216,-0.0021662604928243123,-0.014446962247210093
2025-10-16,-0.0121317157712304,-0.020142634907166168,-0.012499999999999956,0.0,-0.028113975576662176,-0.015982259805431775
2025-10-17,0.0017543859649122862,0.002013745704467329,0.0031645569620251113,-0.024774774774774744,0.023342826827497776,0.02158844086258549
2025-10-20,0.0008756567425569628,0.002969964264402103,0.009463722397476504,0.0,0.025648021828103662,0.0247723650855467
2025-10-21,0.007874015748031482,-0.0024345875562483688,-0.0031250000000000444,0.003079291762894343,-0.008087257249268287,-0.01596127299729977
2025-10-22,0.00954861111111116,0.006361829025844923,0.0,-0.004604758250191687,0.009628278710507976,7.966759939681545e-05
2025-10-23,-0.006018916595012969,-0.012248123271434208,-0.0031347962382443084,0.0007710100231301809,0.024757603931464978,0.030776520526477946
2025-10-24,-0.0034602076124568004,-0.006613793103448229,-0.0062893081761007386,-0.0007704160246532199,0.0010628094460429782,0.004523017058499779
2025-10-27,-0.004340277777777679,0.0031865927062433297,-0.007911392405063444,-0.044718581341557484,0.0007768398156300371,0.005117117593407716
2025-10-28,-0.006974716652136115,-0.009065743944636662,0.006379585326953929,-0.046811945117029796,0.0349824052991099,0.04195712195124601
2025-10-29,-0.0008779631255486642,-0.006339144215530945,-0.003603603603603678,-0.014394580863674844,-0.004274999999999918,-0.0033970368744512536
2025-10-30,-0.005272407732864748,0.0,0.0022919382648554087,-0.012886597938144284,-0.023902181827311964,-0.018629774094447216
2025-10-31,0.009717314487632578,0.004784688995215447,0.0034894860875098743,-0.006962576153176747,-0.004912930524474501,-0.01463024501210708
2025-11-03,0.013998250218722585,-0.011111111111111183,-0.004181184668989535,0.018404907975460016,-0.020446673215116618,-0.0344449234338392
2025-11-04,-0.006039689387402958,-0.0016051364365972098,-0.006242127361791527,0.0206540447504302,0.025728987993139052,0.03176867738054201
2025-11-05,-0.0008680555555555802,-0.006430868167202397,0.010597994479184525,-0.01686340640809436,0.01538461538461533,0.01625267094017091
2025-11-06,0.003475238922676205,0.0,-0.001254241776006526,0.0034305317324183626,0.0017482517482516613,-0.0017269871744245435
2025-11-07,0.006926406926406781,0.012944983818770073,0.020211674910872057,-0.027467941421959186,-0.0008547008547008517,-0.007781107781107632
2025-11-10,0.0031948881789136685,0.0034393809114359186,-0.0022635574095603017,-0.0017108639863130382,0.002834776728823707,-0.0003601114500899616
2025-11-11,-0.0031847133757961776,0.0008568980291345785,0.004222098849203881,0.0008568980291345785,0.0020228215767632562,0.005207534952559434
2025-11-12,0.0031948881789136685,0.001712328767123239,0.0035696003822134337,-0.001712328767123239,0.07562503235157125,0.07243014417265758
2025-11-13,-0.0015923566878982554,0.004273504273504258,-0.009371727036548538,-0.0034305317324185847,-0.027622714148219596,-0.02603035746032134
2025-11-14,-0.006808510638297904,-0.0015948963317383713,0.00988603597418658,-0.02151462994836495,-0.03300999703058494,-0.026201486392287032
2025-11-17,-0.02076677316293918,-0.006855184233076184,0.003399048266485405,0.0070360598065084545,-0.014790930958595516,0.005975842204343662
2025-11-18,0.018119068162208762,-0.011419249592169667,-0.0033807588075881467,0.009606986899563408,0.01584415584415577,-0.0022749123180529907
2025-11-19,0.02310231023102305,0.004237288135593209,-0.0026512396244757763,0.012110726643598468,-0.029941191511122622,-0.05304350174214567
2025-11-20,-0.013502109704641385,-0.000347622196018027,-0.022580645161290325,-0.015384615384615219,-0.024750256991486252,-0.011248147286844867
2025-11-21,-0.009954997954452538,-0.007698887938409005,-0.0033003300330033403,0.0008680555555555802,0.0014864864864865268,0.011441484440939065
2025-11-24,-0.005061983471074227,0.017241379310344973,0.0,0.006938421509106618,0.00488463095398739,0.009946614425061617
2025-11-25,0.0031149413352715705,-0.009322033898305104,-0.024834437086092676,-0.011197243755383224,0.0012353636265978185,-0.001879577708673752
2025-11-26,-0.0012766104268019385,0.0017108639863132602,-0.07130730050933787,0.012195121951219301,-0.0043452604474009116,-0.003068650020598973
2025-11-27,0.0022110136115525147,-0.008539709649872052,-0.012048192771084265,-0.01645338208409497,0.005387931034482651,0.0031769174229301367
2025-11-28,-0.0017235436056532993,0.006890611541774394,0.00522648083623678,-0.03345724907063197,0.026178992497320586,0.027902536102973885
2025-12-01,-0.0082665745856354,-0.004277159965782595,-0.0077989601386482255,0.0,-0.007546282998668441,0.000720291586966959
2025-12-02,-0.004825804474836826,-0.0077319587628865705,-0.013100436681222516,-0.03653846153846163,-0.010524100189433727,-0.0056982957145969015
2025-12-03,-0.003582674410468112,-0.0051948051948053076,-0.004424778761061954,-0.007984031936127733,0.01933099340565847,0.02291366781612658
2025-12-04,0.004234610036657704,0.003481288076588207,0.000888888888888939,-0.004024144869215207,0.014973262032085488,0.010738651995427784
2025-12-05,-0.008244697589527283,-0.0008673026886382162,0.011545293072824148,-0.008080808080808133,0.008764039168315918,0.0170087367578432
2025-12-08,-0.012134929700610697,-0.0078125,-0.006145741878841204,-0.02851323828920571,-0.012509554140127443,-0.0003746244395167464
2025-12-09,0.0012776496955766437,-0.008748906386701671,-0.0035335689045937757,0.10062893081761004,-0.01344203926829901,-0.014719688963875655
2025-12-10,0.006551183347590639,0.003530450132391838,0.014184397163120588,0.01728646895758157,-0.03428571428571414,-0.04083689763330478
2025-12-11,0.006133187912095606,-0.0017590149516270026,0.01486013986014001,0.007223836088331215,-0.009861932938856288,-0.015995120850951894
2025-12-12,0.0037658818146621975,0.014096916299559448,0.004306632213608941,-0.01607963246554367,-0.029880478087649265,-0.03364635990231146
2025-12-15,-0.0028050490883591017,-0.0026064291920068205,-0.009433962264150941,-0.018391699092088265,0.02053388090349073,0.023338929991849833
2025-12-16,0.007805907172995674,0.004355400696863798,-0.0008658008658010141,0.013239607832774114,-0.002012072434607659,-0.009817979607603333
2025-12-17,-0.001465354825204046,0.009540329575021822,0.020797227036395194,-0.02978457044494298,-0.01814516129032251,-0.016679806465118463
2025-12-18,0.0021009798093392096,-0.001718213058419349,-0.007640067911714787,0.005376344086021501,0.006160164271047375,0.004059184461708165
2025-12-19,-0.0012340425531914834,-0.008605851979345935,-0.004277159965782595,-0.005775401069518793,0.006122448979591688,0.0073564915327831715
2025-12-22,-0.00028403845880742296,0.003472222222222321,0.01632302405498276,0.016835197934595758,-0.028397565922920864,-0.02811352746411344
2025-12-23,-0.004943673376613944,-0.0017301038062285112,-0.0016906170752323257,-0.006612007405448317,-0.006263048016701522,-0.0013193746400875783
2025-12-24,0.009472481975872693,0.0017331022530329143,-0.003386960203217715,-0.006895633652822197,0.006302521008403339,-0.003169960967469354
2025-12-25,-2.828514252173342e-05,-0.0017301038062285112,-0.004248088360237823,0.0038068684485670357,-0.0041753653444677186,-0.004147080201945985
2025-12-26,-0.008577712091533463,0.0017331022530329143,0.03839590443686003,-0.013674117992682144,-0.0062893081761005165,0.002288403915432946
2025-12-29,-0.006920415224913379,-0.008758915834522152,0.018077239112571863,-0.0002978527524302166,-0.025316455696202556,-0.018396040471289177
2025-12-30,-0.009023400397202175,-0.0060975609756097615,0.004035512510088823,-0.005254604550379072,0.006493506493506551,0.015516906890708726
