trade_date,factor_name,factor_used,factor_drop_reason,candidate_count,selected_count,active_factor_count,dropped_factor_count,weighting_method,rebalance_flag,score_non_null_ratio,score_std,message
2024-01-02,bp,True,,5,5,3,0,equal,True,1.0,0.29492146067374114,rebalance_day
2024-01-02,ep,True,,5,5,3,0,equal,True,1.0,0.29492146067374114,rebalance_day
2024-01-02,size,True,,5,5,3,0,equal,True,1.0,0.29492146067374114,rebalance_day
2024-01-03,bp,True,,5,5,3,0,equal,False,1.0,0.29489657236455996,
2024-01-03,ep,True,,5,5,3,0,equal,False,1.0,0.29489657236455996,
2024-01-03,size,True,,5,5,3,0,equal,False,1.0,0.29489657236455996,
2024-01-04,bp,True,,5,5,3,0,equal,False,1.0,0.2944991163075704,
2024-01-04,ep,True,,5,5,3,0,equal,False,1.0,0.2944991163075704,
2024-01-04,size,True,,5,5,3,0,equal,False,1.0,0.2944991163075704,
2024-01-05,bp,True,,5,5,3,0,equal,False,1.0,0.29453104538442776,
2024-01-05,ep,True,,5,5,3,0,equal,False,1.0,0.29453104538442776,
2024-01-05,size,True,,5,5,3,0,equal,False,1.0,0.29453104538442776,
2024-01-08,bp,True,,5,5,3,0,equal,True,1.0,0.2936244958836282,rebalance_day
2024-01-08,ep,True,,5,5,3,0,equal,True,1.0,0.2936244958836282,rebalance_day
2024-01-08,size,True,,5,5,3,0,equal,True,1.0,0.2936244958836282,rebalance_day
2024-01-09,bp,True,,5,5,3,0,equal,False,1.0,0.29467332962406567,
2024-01-09,ep,True,,5,5,3,0,equal,False,1.0,0.29467332962406567,
2024-01-09,size,True,,5,5,3,0,equal,False,1.0,0.29467332962406567,
2024-01-10,bp,True,,5,5,3,0,equal,False,1.0,0.29256853166312285,
2024-01-10,ep,True,,5,5,3,0,equal,False,1.0,0.29256853166312285,
2024-01-10,size,True,,5,5,3,0,equal,False,1.0,0.29256853166312285,
2024-01-11,bp,True,,5,5,3,0,equal,False,1.0,0.29131944653994424,
2024-01-11,ep,True,,5,5,3,0,equal,False,1.0,0.29131944653994424,
2024-01-11,size,True,,5,5,3,0,equal,False,1.0,0.29131944653994424,
2024-01-12,bp,True,,5,5,3,0,equal,False,1.0,0.2909242246579031,
2024-01-12,ep,True,,5,5,3,0,equal,False,1.0,0.2909242246579031,
2024-01-12,size,True,,5,5,3,0,equal,False,1.0,0.2909242246579031,
2024-01-15,bp,True,,5,5,3,0,equal,True,1.0,0.29217514985116777,rebalance_day
2024-01-15,ep,True,,5,5,3,0,equal,True,1.0,0.29217514985116777,rebalance_day
2024-01-15,size,True,,5,5,3,0,equal,True,1.0,0.29217514985116777,rebalance_day
2024-01-16,bp,True,,5,5,3,0,equal,False,1.0,0.2879157415867891,
2024-01-16,ep,True,,5,5,3,0,equal,False,1.0,0.2879157415867891,
2024-01-16,size,True,,5,5,3,0,equal,False,1.0,0.2879157415867891,
2024-01-17,bp,True,,5,5,3,0,equal,False,1.0,0.2867978062815034,
2024-01-17,ep,True,,5,5,3,0,equal,False,1.0,0.2867978062815034,
2024-01-17,size,True,,5,5,3,0,equal,False,1.0,0.2867978062815034,
2024-01-18,bp,True,,5,5,3,0,equal,False,1.0,0.2864943136072053,
2024-01-18,ep,True,,5,5,3,0,equal,False,1.0,0.2864943136072053,
2024-01-18,size,True,,5,5,3,0,equal,False,1.0,0.2864943136072053,
2024-01-19,bp,True,,5,5,3,0,equal,False,1.0,0.2864278700124266,
2024-01-19,ep,True,,5,5,3,0,equal,False,1.0,0.2864278700124266,
2024-01-19,size,True,,5,5,3,0,equal,False,1.0,0.2864278700124266,
2024-01-22,bp,True,,5,5,3,0,equal,True,1.0,0.28232338049009204,rebalance_day
2024-01-22,ep,True,,5,5,3,0,equal,True,1.0,0.28232338049009204,rebalance_day
2024-01-22,size,True,,5,5,3,0,equal,True,1.0,0.28232338049009204,rebalance_day
2024-01-23,bp,True,,5,5,3,0,equal,False,1.0,0.28398683918678597,
2024-01-23,ep,True,,5,5,3,0,equal,False,1.0,0.28398683918678597,
2024-01-23,size,True,,5,5,3,0,equal,False,1.0,0.28398683918678597,
2024-01-24,bp,True,,5,5,3,0,equal,False,1.0,0.28602592081215156,
2024-01-24,ep,True,,5,5,3,0,equal,False,1.0,0.28602592081215156,
2024-01-24,size,True,,5,5,3,0,equal,False,1.0,0.28602592081215156,
2024-01-25,bp,True,,5,5,3,0,equal,False,1.0,0.29094419778547514,
2024-01-25,ep,True,,5,5,3,0,equal,False,1.0,0.29094419778547514,
2024-01-25,size,True,,5,5,3,0,equal,False,1.0,0.29094419778547514,
2024-01-26,bp,True,,5,5,3,0,equal,False,1.0,0.2950279095958345,
2024-01-26,ep,True,,5,5,3,0,equal,False,1.0,0.2950279095958345,
2024-01-26,size,True,,5,5,3,0,equal,False,1.0,0.2950279095958345,
2024-01-29,bp,True,,5,5,3,0,equal,True,1.0,0.29462829982803873,rebalance_day
2024-01-29,ep,True,,5,5,3,0,equal,True,1.0,0.29462829982803873,rebalance_day
2024-01-29,size,True,,5,5,3,0,equal,True,1.0,0.29462829982803873,rebalance_day
2024-01-30,bp,True,,5,5,3,0,equal,False,1.0,0.2949564112078926,
2024-01-30,ep,True,,5,5,3,0,equal,False,1.0,0.2949564112078926,
2024-01-30,size,True,,5,5,3,0,equal,False,1.0,0.2949564112078926,
2024-01-31,bp,True,,5,5,3,0,equal,False,1.0,0.28757431579902526,
2024-01-31,ep,True,,5,5,3,0,equal,False,1.0,0.28757431579902526,
2024-01-31,size,True,,5,5,3,0,equal,False,1.0,0.28757431579902526,
2024-02-01,bp,True,,5,5,3,0,equal,False,1.0,0.28741761499951646,
2024-02-01,ep,True,,5,5,3,0,equal,False,1.0,0.28741761499951646,
2024-02-01,size,True,,5,5,3,0,equal,False,1.0,0.28741761499951646,
2024-02-02,bp,True,,5,5,3,0,equal,False,1.0,0.28862167619594414,
2024-02-02,ep,True,,5,5,3,0,equal,False,1.0,0.28862167619594414,
2024-02-02,size,True,,5,5,3,0,equal,False,1.0,0.28862167619594414,
2024-02-05,bp,True,,5,5,3,0,equal,True,1.0,0.2827609932823206,rebalance_day
2024-02-05,ep,True,,5,5,3,0,equal,True,1.0,0.2827609932823206,rebalance_day
2024-02-05,size,True,,5,5,3,0,equal,True,1.0,0.2827609932823206,rebalance_day
2024-02-06,bp,True,,5,5,3,0,equal,False,1.0,0.2833951889909932,
2024-02-06,ep,True,,5,5,3,0,equal,False,1.0,0.2833951889909932,
2024-02-06,size,True,,5,5,3,0,equal,False,1.0,0.2833951889909932,
2024-02-07,bp,True,,5,5,3,0,equal,False,1.0,0.2838511978023675,
2024-02-07,ep,True,,5,5,3,0,equal,False,1.0,0.2838511978023675,
2024-02-07,size,True,,5,5,3,0,equal,False,1.0,0.2838511978023675,
2024-02-08,bp,True,,5,5,3,0,equal,False,1.0,0.28767277709698086,
2024-02-08,ep,True,,5,5,3,0,equal,False,1.0,0.28767277709698086,
2024-02-08,size,True,,5,5,3,0,equal,False,1.0,0.28767277709698086,
2024-02-19,bp,True,,5,5,3,0,equal,True,1.0,0.2852505021870551,rebalance_day
2024-02-19,ep,True,,5,5,3,0,equal,True,1.0,0.2852505021870551,rebalance_day
2024-02-19,size,True,,5,5,3,0,equal,True,1.0,0.2852505021870551,rebalance_day
2024-02-20,bp,True,,5,5,3,0,equal,False,1.0,0.2864747916975848,
2024-02-20,ep,True,,5,5,3,0,equal,False,1.0,0.2864747916975848,
2024-02-20,size,True,,5,5,3,0,equal,False,1.0,0.2864747916975848,
2024-02-21,bp,True,,5,5,3,0,equal,False,1.0,0.2892129600111078,
2024-02-21,ep,True,,5,5,3,0,equal,False,1.0,0.2892129600111078,
2024-02-21,size,True,,5,5,3,0,equal,False,1.0,0.2892129600111078,
2024-02-22,bp,True,,5,5,3,0,equal,False,1.0,0.2894790896575877,
2024-02-22,ep,True,,5,5,3,0,equal,False,1.0,0.2894790896575877,
2024-02-22,size,True,,5,5,3,0,equal,False,1.0,0.2894790896575877,
2024-02-23,bp,True,,5,5,3,0,equal,False,1.0,0.2890929720911731,
2024-02-23,ep,True,,5,5,3,0,equal,False,1.0,0.2890929720911731,
2024-02-23,size,True,,5,5,3,0,equal,False,1.0,0.2890929720911731,
2024-02-26,bp,True,,5,5,3,0,equal,True,1.0,0.28986822460039013,rebalance_day
2024-02-26,ep,True,,5,5,3,0,equal,True,1.0,0.28986822460039013,rebalance_day
2024-02-26,size,True,,5,5,3,0,equal,True,1.0,0.28986822460039013,rebalance_day
2024-02-27,bp,True,,5,5,3,0,equal,False,1.0,0.28933245915170697,
2024-02-27,ep,True,,5,5,3,0,equal,False,1.0,0.28933245915170697,
2024-02-27,size,True,,5,5,3,0,equal,False,1.0,0.28933245915170697,
2024-02-28,bp,True,,5,5,3,0,equal,False,1.0,0.28867364021638975,
2024-02-28,ep,True,,5,5,3,0,equal,False,1.0,0.28867364021638975,
2024-02-28,size,True,,5,5,3,0,equal,False,1.0,0.28867364021638975,
2024-02-29,bp,True,,5,5,3,0,equal,False,1.0,0.2868132341821065,
2024-02-29,ep,True,,5,5,3,0,equal,False,1.0,0.2868132341821065,
2024-02-29,size,True,,5,5,3,0,equal,False,1.0,0.2868132341821065,
2024-03-01,bp,True,,5,5,3,0,equal,False,1.0,0.28502380368054725,
2024-03-01,ep,True,,5,5,3,0,equal,False,1.0,0.28502380368054725,
2024-03-01,size,True,,5,5,3,0,equal,False,1.0,0.28502380368054725,
2024-03-04,bp,True,,5,5,3,0,equal,True,1.0,0.28080279652087287,rebalance_day
2024-03-04,ep,True,,5,5,3,0,equal,True,1.0,0.28080279652087287,rebalance_day
2024-03-04,size,True,,5,5,3,0,equal,True,1.0,0.28080279652087287,rebalance_day
2024-03-05,bp,True,,5,5,3,0,equal,False,1.0,0.2805454480167525,
2024-03-05,ep,True,,5,5,3,0,equal,False,1.0,0.2805454480167525,
2024-03-05,size,True,,5,5,3,0,equal,False,1.0,0.2805454480167525,
2024-03-06,bp,True,,5,5,3,0,equal,False,1.0,0.2794476235590244,
2024-03-06,ep,True,,5,5,3,0,equal,False,1.0,0.2794476235590244,
2024-03-06,size,True,,5,5,3,0,equal,False,1.0,0.2794476235590244,
2024-03-07,bp,True,,5,5,3,0,equal,False,1.0,0.27972871214186545,
2024-03-07,ep,True,,5,5,3,0,equal,False,1.0,0.27972871214186545,
2024-03-07,size,True,,5,5,3,0,equal,False,1.0,0.27972871214186545,
2024-03-08,bp,True,,5,5,3,0,equal,False,1.0,0.28035586502389614,
2024-03-08,ep,True,,5,5,3,0,equal,False,1.0,0.28035586502389614,
2024-03-08,size,True,,5,5,3,0,equal,False,1.0,0.28035586502389614,
2024-03-11,bp,True,,5,5,3,0,equal,True,1.0,0.274841132721879,rebalance_day
2024-03-11,ep,True,,5,5,3,0,equal,True,1.0,0.274841132721879,rebalance_day
2024-03-11,size,True,,5,5,3,0,equal,True,1.0,0.274841132721879,rebalance_day
2024-03-12,bp,True,,5,5,3,0,equal,False,1.0,0.27923215769156184,
2024-03-12,ep,True,,5,5,3,0,equal,False,1.0,0.27923215769156184,
2024-03-12,size,True,,5,5,3,0,equal,False,1.0,0.27923215769156184,
2024-03-13,bp,True,,5,5,3,0,equal,False,1.0,0.27647480423249615,
2024-03-13,ep,True,,5,5,3,0,equal,False,1.0,0.27647480423249615,
2024-03-13,size,True,,5,5,3,0,equal,False,1.0,0.27647480423249615,
2024-03-14,bp,True,,5,5,3,0,equal,False,1.0,0.2768131030253362,
2024-03-14,ep,True,,5,5,3,0,equal,False,1.0,0.2768131030253362,
2024-03-14,size,True,,5,5,3,0,equal,False,1.0,0.2768131030253362,
2024-03-15,bp,True,,5,5,3,0,equal,False,1.0,0.27490450769987995,
2024-03-15,ep,True,,5,5,3,0,equal,False,1.0,0.27490450769987995,
2024-03-15,size,True,,5,5,3,0,equal,False,1.0,0.27490450769987995,
2024-03-18,bp,True,,5,5,3,0,equal,True,1.0,0.2694709202716931,rebalance_day
2024-03-18,ep,True,,5,5,3,0,equal,True,1.0,0.2694709202716931,rebalance_day
2024-03-18,size,True,,5,5,3,0,equal,True,1.0,0.2694709202716931,rebalance_day
2024-03-19,bp,True,,5,5,3,0,equal,False,1.0,0.2700690998675872,
2024-03-19,ep,True,,5,5,3,0,equal,False,1.0,0.2700690998675872,
2024-03-19,size,True,,5,5,3,0,equal,False,1.0,0.2700690998675872,
2024-03-20,bp,True,,5,5,3,0,equal,False,1.0,0.2695938125877396,
2024-03-20,ep,True,,5,5,3,0,equal,False,1.0,0.2695938125877396,
2024-03-20,size,True,,5,5,3,0,equal,False,1.0,0.2695938125877396,
2024-03-21,bp,True,,5,5,3,0,equal,False,1.0,0.2693772212342157,
2024-03-21,ep,True,,5,5,3,0,equal,False,1.0,0.2693772212342157,
2024-03-21,size,True,,5,5,3,0,equal,False,1.0,0.2693772212342157,
2024-03-22,bp,True,,5,5,3,0,equal,False,1.0,0.2690791029112136,
2024-03-22,ep,True,,5,5,3,0,equal,False,1.0,0.2690791029112136,
2024-03-22,size,True,,5,5,3,0,equal,False,1.0,0.2690791029112136,
2024-03-25,bp,True,,5,5,3,0,equal,True,1.0,0.27011326486761655,rebalance_day
2024-03-25,ep,True,,5,5,3,0,equal,True,1.0,0.27011326486761655,rebalance_day
2024-03-25,size,True,,5,5,3,0,equal,True,1.0,0.27011326486761655,rebalance_day
2024-03-26,bp,True,,5,5,3,0,equal,False,1.0,0.26891741932280694,
2024-03-26,ep,True,,5,5,3,0,equal,False,1.0,0.26891741932280694,
2024-03-26,size,True,,5,5,3,0,equal,False,1.0,0.26891741932280694,
2024-03-27,bp,True,,5,5,3,0,equal,False,1.0,0.26705717125700085,
2024-03-27,ep,True,,5,5,3,0,equal,False,1.0,0.26705717125700085,
2024-03-27,size,True,,5,5,3,0,equal,False,1.0,0.26705717125700085,
2024-03-28,bp,True,,5,5,3,0,equal,False,1.0,0.26706568156222427,
2024-03-28,ep,True,,5,5,3,0,equal,False,1.0,0.26706568156222427,
2024-03-28,size,True,,5,5,3,0,equal,False,1.0,0.26706568156222427,
2024-03-29,bp,True,,5,5,3,0,equal,False,1.0,0.27308941728246694,
2024-03-29,ep,True,,5,5,3,0,equal,False,1.0,0.27308941728246694,
2024-03-29,size,True,,5,5,3,0,equal,False,1.0,0.27308941728246694,
2024-04-01,bp,True,,5,5,3,0,equal,True,1.0,0.26990727011959426,rebalance_day
2024-04-01,ep,True,,5,5,3,0,equal,True,1.0,0.26990727011959426,rebalance_day
2024-04-01,size,True,,5,5,3,0,equal,True,1.0,0.26990727011959426,rebalance_day
2024-04-02,bp,True,,5,5,3,0,equal,False,1.0,0.2628466870590709,
2024-04-02,ep,True,,5,5,3,0,equal,False,1.0,0.2628466870590709,
2024-04-02,size,True,,5,5,3,0,equal,False,1.0,0.2628466870590709,
2024-04-03,bp,True,,5,5,3,0,equal,False,1.0,0.26319717616971966,
2024-04-03,ep,True,,5,5,3,0,equal,False,1.0,0.26319717616971966,
2024-04-03,size,True,,5,5,3,0,equal,False,1.0,0.26319717616971966,
2024-04-08,bp,True,,5,5,3,0,equal,True,1.0,0.26049121649158385,rebalance_day
2024-04-08,ep,True,,5,5,3,0,equal,True,1.0,0.26049121649158385,rebalance_day
2024-04-08,size,True,,5,5,3,0,equal,True,1.0,0.26049121649158385,rebalance_day
2024-04-09,bp,True,,5,5,3,0,equal,False,1.0,0.2600876170302261,
2024-04-09,ep,True,,5,5,3,0,equal,False,1.0,0.2600876170302261,
2024-04-09,size,True,,5,5,3,0,equal,False,1.0,0.2600876170302261,
2024-04-10,bp,True,,5,5,3,0,equal,False,1.0,0.25519849576781634,
2024-04-10,ep,True,,5,5,3,0,equal,False,1.0,0.25519849576781634,
2024-04-10,size,True,,5,5,3,0,equal,False,1.0,0.25519849576781634,
2024-04-11,bp,True,,5,5,3,0,equal,False,1.0,0.2536857758743919,
2024-04-11,ep,True,,5,5,3,0,equal,False,1.0,0.2536857758743919,
2024-04-11,size,True,,5,5,3,0,equal,False,1.0,0.2536857758743919,
2024-04-12,bp,True,,5,5,3,0,equal,False,1.0,0.2511113083387765,
2024-04-12,ep,True,,5,5,3,0,equal,False,1.0,0.2511113083387765,
2024-04-12,size,True,,5,5,3,0,equal,False,1.0,0.2511113083387765,
2024-04-15,bp,True,,5,5,3,0,equal,True,1.0,0.24822809755878236,rebalance_day
2024-04-15,ep,True,,5,5,3,0,equal,True,1.0,0.24822809755878236,rebalance_day
2024-04-15,size,True,,5,5,3,0,equal,True,1.0,0.24822809755878236,rebalance_day
2024-04-16,bp,True,,5,5,3,0,equal,False,1.0,0.2473470842418031,
2024-04-16,ep,True,,5,5,3,0,equal,False,1.0,0.2473470842418031,
2024-04-16,size,True,,5,5,3,0,equal,False,1.0,0.2473470842418031,
2024-04-17,bp,True,,5,5,3,0,equal,False,1.0,0.24802118055288797,
2024-04-17,ep,True,,5,5,3,0,equal,False,1.0,0.24802118055288797,
2024-04-17,size,True,,5,5,3,0,equal,False,1.0,0.24802118055288797,
2024-04-18,bp,True,,5,5,3,0,equal,False,1.0,0.24592625495318463,
2024-04-18,ep,True,,5,5,3,0,equal,False,1.0,0.24592625495318463,
2024-04-18,size,True,,5,5,3,0,equal,False,1.0,0.24592625495318463,
2024-04-19,bp,True,,5,5,3,0,equal,False,1.0,0.2440457335443586,
2024-04-19,ep,True,,5,5,3,0,equal,False,1.0,0.2440457335443586,
2024-04-19,size,True,,5,5,3,0,equal,False,1.0,0.2440457335443586,
2024-04-22,bp,True,,5,5,3,0,equal,True,1.0,0.24361922406590436,rebalance_day
2024-04-22,ep,True,,5,5,3,0,equal,True,1.0,0.24361922406590436,rebalance_day
2024-04-22,size,True,,5,5,3,0,equal,True,1.0,0.24361922406590436,rebalance_day
2024-04-23,bp,True,,5,5,3,0,equal,False,1.0,0.24191510178292702,
2024-04-23,ep,True,,5,5,3,0,equal,False,1.0,0.24191510178292702,
2024-04-23,size,True,,5,5,3,0,equal,False,1.0,0.24191510178292702,
2024-04-24,bp,True,,5,5,3,0,equal,False,1.0,0.2413202777412196,
2024-04-24,ep,True,,5,5,3,0,equal,False,1.0,0.2413202777412196,
2024-04-24,size,True,,5,5,3,0,equal,False,1.0,0.2413202777412196,
2024-04-25,bp,True,,5,5,3,0,equal,False,1.0,0.24015721737602425,
2024-04-25,ep,True,,5,5,3,0,equal,False,1.0,0.24015721737602425,
2024-04-25,size,True,,5,5,3,0,equal,False,1.0,0.24015721737602425,
2024-04-26,bp,True,,5,5,3,0,equal,False,1.0,0.24309165921127485,
2024-04-26,ep,True,,5,5,3,0,equal,False,1.0,0.24309165921127485,
2024-04-26,size,True,,5,5,3,0,equal,False,1.0,0.24309165921127485,
2024-04-29,bp,True,,5,5,3,0,equal,True,1.0,0.25022690884051835,rebalance_day
2024-04-29,ep,True,,5,5,3,0,equal,True,1.0,0.25022690884051835,rebalance_day
2024-04-29,size,True,,5,5,3,0,equal,True,1.0,0.25022690884051835,rebalance_day
2024-04-30,bp,True,,5,5,3,0,equal,False,1.0,0.23946480503717957,
2024-04-30,ep,True,,5,5,3,0,equal,False,1.0,0.23946480503717957,
2024-04-30,size,True,,5,5,3,0,equal,False,1.0,0.23946480503717957,
2024-05-06,bp,True,,5,5,3,0,equal,True,1.0,0.23826962673040486,rebalance_day
2024-05-06,ep,True,,5,5,3,0,equal,True,1.0,0.23826962673040486,rebalance_day
2024-05-06,size,True,,5,5,3,0,equal,True,1.0,0.23826962673040486,rebalance_day
2024-05-07,bp,True,,5,5,3,0,equal,False,1.0,0.239410251167299,
2024-05-07,ep,True,,5,5,3,0,equal,False,1.0,0.239410251167299,
2024-05-07,size,True,,5,5,3,0,equal,False,1.0,0.239410251167299,
2024-05-08,bp,True,,5,5,3,0,equal,False,1.0,0.23634253413043535,
2024-05-08,ep,True,,5,5,3,0,equal,False,1.0,0.23634253413043535,
2024-05-08,size,True,,5,5,3,0,equal,False,1.0,0.23634253413043535,
2024-05-09,bp,True,,5,5,3,0,equal,False,1.0,0.23602479158218295,
2024-05-09,ep,True,,5,5,3,0,equal,False,1.0,0.23602479158218295,
2024-05-09,size,True,,5,5,3,0,equal,False,1.0,0.23602479158218295,
2024-05-10,bp,True,,5,5,3,0,equal,False,1.0,0.23935372272721275,
2024-05-10,ep,True,,5,5,3,0,equal,False,1.0,0.23935372272721275,
2024-05-10,size,True,,5,5,3,0,equal,False,1.0,0.23935372272721275,
2024-05-13,bp,True,,5,5,3,0,equal,True,1.0,0.2382012514144989,rebalance_day
2024-05-13,ep,True,,5,5,3,0,equal,True,1.0,0.2382012514144989,rebalance_day
2024-05-13,size,True,,5,5,3,0,equal,True,1.0,0.2382012514144989,rebalance_day
2024-05-14,bp,True,,5,5,3,0,equal,False,1.0,0.23937772990531148,
2024-05-14,ep,True,,5,5,3,0,equal,False,1.0,0.23937772990531148,
2024-05-14,size,True,,5,5,3,0,equal,False,1.0,0.23937772990531148,
2024-05-15,bp,True,,5,5,3,0,equal,False,1.0,0.24274246441184058,
2024-05-15,ep,True,,5,5,3,0,equal,False,1.0,0.24274246441184058,
2024-05-15,size,True,,5,5,3,0,equal,False,1.0,0.24274246441184058,
2024-05-16,bp,True,,5,5,3,0,equal,False,1.0,0.24707962055533655,
2024-05-16,ep,True,,5,5,3,0,equal,False,1.0,0.24707962055533655,
2024-05-16,size,True,,5,5,3,0,equal,False,1.0,0.24707962055533655,
2024-05-17,bp,True,,5,5,3,0,equal,False,1.0,0.2553859181455631,
2024-05-17,ep,True,,5,5,3,0,equal,False,1.0,0.2553859181455631,
2024-05-17,size,True,,5,5,3,0,equal,False,1.0,0.2553859181455631,
2024-05-20,bp,True,,5,5,3,0,equal,True,1.0,0.2558393170709687,rebalance_day
2024-05-20,ep,True,,5,5,3,0,equal,True,1.0,0.2558393170709687,rebalance_day
2024-05-20,size,True,,5,5,3,0,equal,True,1.0,0.2558393170709687,rebalance_day
2024-05-21,bp,True,,5,5,3,0,equal,False,1.0,0.2555886657371039,
2024-05-21,ep,True,,5,5,3,0,equal,False,1.0,0.2555886657371039,
2024-05-21,size,True,,5,5,3,0,equal,False,1.0,0.2555886657371039,
2024-05-22,bp,True,,5,5,3,0,equal,False,1.0,0.2561621215349503,
2024-05-22,ep,True,,5,5,3,0,equal,False,1.0,0.2561621215349503,
2024-05-22,size,True,,5,5,3,0,equal,False,1.0,0.2561621215349503,
2024-05-23,bp,True,,5,5,3,0,equal,False,1.0,0.2582074519548532,
2024-05-23,ep,True,,5,5,3,0,equal,False,1.0,0.2582074519548532,
2024-05-23,size,True,,5,5,3,0,equal,False,1.0,0.2582074519548532,
2024-05-24,bp,True,,5,5,3,0,equal,False,1.0,0.2526380796796016,
2024-05-24,ep,True,,5,5,3,0,equal,False,1.0,0.2526380796796016,
2024-05-24,size,True,,5,5,3,0,equal,False,1.0,0.2526380796796016,
2024-05-27,bp,True,,5,5,3,0,equal,True,1.0,0.25055997819401093,rebalance_day
2024-05-27,ep,True,,5,5,3,0,equal,True,1.0,0.25055997819401093,rebalance_day
2024-05-27,size,True,,5,5,3,0,equal,True,1.0,0.25055997819401093,rebalance_day
2024-05-28,bp,True,,5,5,3,0,equal,False,1.0,0.24673021410127796,
2024-05-28,ep,True,,5,5,3,0,equal,False,1.0,0.24673021410127796,
2024-05-28,size,True,,5,5,3,0,equal,False,1.0,0.24673021410127796,
2024-05-29,bp,True,,5,5,3,0,equal,False,1.0,0.24758351137926077,
2024-05-29,ep,True,,5,5,3,0,equal,False,1.0,0.24758351137926077,
2024-05-29,size,True,,5,5,3,0,equal,False,1.0,0.24758351137926077,
2024-05-30,bp,True,,5,5,3,0,equal,False,1.0,0.24404767182164688,
2024-05-30,ep,True,,5,5,3,0,equal,False,1.0,0.24404767182164688,
2024-05-30,size,True,,5,5,3,0,equal,False,1.0,0.24404767182164688,
2024-05-31,bp,True,,5,5,3,0,equal,False,1.0,0.24474776567427253,
2024-05-31,ep,True,,5,5,3,0,equal,False,1.0,0.24474776567427253,
2024-05-31,size,True,,5,5,3,0,equal,False,1.0,0.24474776567427253,
2024-06-03,bp,True,,5,5,3,0,equal,True,1.0,0.24182781087287397,rebalance_day
2024-06-03,ep,True,,5,5,3,0,equal,True,1.0,0.24182781087287397,rebalance_day
2024-06-03,size,True,,5,5,3,0,equal,True,1.0,0.24182781087287397,rebalance_day
2024-06-04,bp,True,,5,5,3,0,equal,False,1.0,0.24414075220362233,
2024-06-04,ep,True,,5,5,3,0,equal,False,1.0,0.24414075220362233,
2024-06-04,size,True,,5,5,3,0,equal,False,1.0,0.24414075220362233,
2024-06-05,bp,True,,5,5,3,0,equal,False,1.0,0.24153864259393643,
2024-06-05,ep,True,,5,5,3,0,equal,False,1.0,0.24153864259393643,
2024-06-05,size,True,,5,5,3,0,equal,False,1.0,0.24153864259393643,
2024-06-06,bp,True,,5,5,3,0,equal,False,1.0,0.24059511123463279,
2024-06-06,ep,True,,5,5,3,0,equal,False,1.0,0.24059511123463279,
2024-06-06,size,True,,5,5,3,0,equal,False,1.0,0.24059511123463279,
2024-06-07,bp,True,,5,5,3,0,equal,False,1.0,0.24487777635379335,
2024-06-07,ep,True,,5,5,3,0,equal,False,1.0,0.24487777635379335,
2024-06-07,size,True,,5,5,3,0,equal,False,1.0,0.24487777635379335,
2024-06-11,bp,True,,5,5,3,0,equal,True,1.0,0.24497107126106607,rebalance_day
2024-06-11,ep,True,,5,5,3,0,equal,True,1.0,0.24497107126106607,rebalance_day
2024-06-11,size,True,,5,5,3,0,equal,True,1.0,0.24497107126106607,rebalance_day
2024-06-12,bp,True,,5,5,3,0,equal,False,1.0,0.24477882527476744,
2024-06-12,ep,True,,5,5,3,0,equal,False,1.0,0.24477882527476744,
2024-06-12,size,True,,5,5,3,0,equal,False,1.0,0.24477882527476744,
2024-06-13,bp,True,,5,5,3,0,equal,False,1.0,0.24219201014084885,
2024-06-13,ep,True,,5,5,3,0,equal,False,1.0,0.24219201014084885,
2024-06-13,size,True,,5,5,3,0,equal,False,1.0,0.24219201014084885,
2024-06-14,bp,True,,5,5,3,0,equal,False,1.0,0.24368750682822557,
2024-06-14,ep,True,,5,5,3,0,equal,False,1.0,0.24368750682822557,
2024-06-14,size,True,,5,5,3,0,equal,False,1.0,0.24368750682822557,
2024-06-17,bp,True,,5,5,3,0,equal,True,1.0,0.23922270395148232,rebalance_day
2024-06-17,ep,True,,5,5,3,0,equal,True,1.0,0.23922270395148232,rebalance_day
2024-06-17,size,True,,5,5,3,0,equal,True,1.0,0.23922270395148232,rebalance_day
2024-06-18,bp,True,,5,5,3,0,equal,False,1.0,0.2369448100465741,
2024-06-18,ep,True,,5,5,3,0,equal,False,1.0,0.2369448100465741,
2024-06-18,size,True,,5,5,3,0,equal,False,1.0,0.2369448100465741,
2024-06-19,bp,True,,5,5,3,0,equal,False,1.0,0.2346650735220895,
2024-06-19,ep,True,,5,5,3,0,equal,False,1.0,0.2346650735220895,
2024-06-19,size,True,,5,5,3,0,equal,False,1.0,0.2346650735220895,
2024-06-20,bp,True,,5,5,3,0,equal,False,1.0,0.2317318823838735,
2024-06-20,ep,True,,5,5,3,0,equal,False,1.0,0.2317318823838735,
2024-06-20,size,True,,5,5,3,0,equal,False,1.0,0.2317318823838735,
2024-06-21,bp,True,,5,5,3,0,equal,False,1.0,0.2321230300239364,
2024-06-21,ep,True,,5,5,3,0,equal,False,1.0,0.2321230300239364,
2024-06-21,size,True,,5,5,3,0,equal,False,1.0,0.2321230300239364,
2024-06-24,bp,True,,5,5,3,0,equal,True,1.0,0.2293358612689729,rebalance_day
2024-06-24,ep,True,,5,5,3,0,equal,True,1.0,0.2293358612689729,rebalance_day
2024-06-24,size,True,,5,5,3,0,equal,True,1.0,0.2293358612689729,rebalance_day
2024-06-25,bp,True,,5,5,3,0,equal,False,1.0,0.23084794471573677,
2024-06-25,ep,True,,5,5,3,0,equal,False,1.0,0.23084794471573677,
2024-06-25,size,True,,5,5,3,0,equal,False,1.0,0.23084794471573677,
2024-06-26,bp,True,,5,5,3,0,equal,False,1.0,0.2320258835936793,
2024-06-26,ep,True,,5,5,3,0,equal,False,1.0,0.2320258835936793,
2024-06-26,size,True,,5,5,3,0,equal,False,1.0,0.2320258835936793,
2024-06-27,bp,True,,5,5,3,0,equal,False,1.0,0.22980438863593788,
2024-06-27,ep,True,,5,5,3,0,equal,False,1.0,0.22980438863593788,
2024-06-27,size,True,,5,5,3,0,equal,False,1.0,0.22980438863593788,
2024-06-28,bp,True,,5,5,3,0,equal,False,1.0,0.2300072499885156,
2024-06-28,ep,True,,5,5,3,0,equal,False,1.0,0.2300072499885156,
2024-06-28,size,True,,5,5,3,0,equal,False,1.0,0.2300072499885156,
2024-07-01,bp,True,,5,5,3,0,equal,True,1.0,0.23515437726396562,rebalance_day
2024-07-01,ep,True,,5,5,3,0,equal,True,1.0,0.23515437726396562,rebalance_day
2024-07-01,size,True,,5,5,3,0,equal,True,1.0,0.23515437726396562,rebalance_day
2024-07-02,bp,True,,5,5,3,0,equal,False,1.0,0.23191257661032294,
2024-07-02,ep,True,,5,5,3,0,equal,False,1.0,0.23191257661032294,
2024-07-02,size,True,,5,5,3,0,equal,False,1.0,0.23191257661032294,
2024-07-03,bp,True,,5,5,3,0,equal,False,1.0,0.2312388161465119,
2024-07-03,ep,True,,5,5,3,0,equal,False,1.0,0.2312388161465119,
2024-07-03,size,True,,5,5,3,0,equal,False,1.0,0.2312388161465119,
2024-07-04,bp,True,,5,5,3,0,equal,False,1.0,0.22859367976888692,
2024-07-04,ep,True,,5,5,3,0,equal,False,1.0,0.22859367976888692,
2024-07-04,size,True,,5,5,3,0,equal,False,1.0,0.22859367976888692,
2024-07-05,bp,True,,5,5,3,0,equal,False,1.0,0.22881397555228616,
2024-07-05,ep,True,,5,5,3,0,equal,False,1.0,0.22881397555228616,
2024-07-05,size,True,,5,5,3,0,equal,False,1.0,0.22881397555228616,
2024-07-08,bp,True,,5,5,3,0,equal,True,1.0,0.22547443203947312,rebalance_day
2024-07-08,ep,True,,5,5,3,0,equal,True,1.0,0.22547443203947312,rebalance_day
2024-07-08,size,True,,5,5,3,0,equal,True,1.0,0.22547443203947312,rebalance_day
2024-07-09,bp,True,,5,5,3,0,equal,False,1.0,0.22488990421143756,
2024-07-09,ep,True,,5,5,3,0,equal,False,1.0,0.22488990421143756,
2024-07-09,size,True,,5,5,3,0,equal,False,1.0,0.22488990421143756,
2024-07-10,bp,True,,5,5,3,0,equal,False,1.0,0.22469187289566953,
2024-07-10,ep,True,,5,5,3,0,equal,False,1.0,0.22469187289566953,
2024-07-10,size,True,,5,5,3,0,equal,False,1.0,0.22469187289566953,
2024-07-11,bp,True,,5,5,3,0,equal,False,1.0,0.2264586884385953,
2024-07-11,ep,True,,5,5,3,0,equal,False,1.0,0.2264586884385953,
2024-07-11,size,True,,5,5,3,0,equal,False,1.0,0.2264586884385953,
2024-07-12,bp,True,,5,5,3,0,equal,False,1.0,0.22600977459117866,
2024-07-12,ep,True,,5,5,3,0,equal,False,1.0,0.22600977459117866,
2024-07-12,size,True,,5,5,3,0,equal,False,1.0,0.22600977459117866,
2024-07-15,bp,True,,5,5,3,0,equal,True,1.0,0.22475840895144358,rebalance_day
2024-07-15,ep,True,,5,5,3,0,equal,True,1.0,0.22475840895144358,rebalance_day
2024-07-15,size,True,,5,5,3,0,equal,True,1.0,0.22475840895144358,rebalance_day
2024-07-16,bp,True,,5,5,3,0,equal,False,1.0,0.22561909403969502,
2024-07-16,ep,True,,5,5,3,0,equal,False,1.0,0.22561909403969502,
2024-07-16,size,True,,5,5,3,0,equal,False,1.0,0.22561909403969502,
2024-07-17,bp,True,,5,5,3,0,equal,False,1.0,0.22676541774475256,
2024-07-17,ep,True,,5,5,3,0,equal,False,1.0,0.22676541774475256,
2024-07-17,size,True,,5,5,3,0,equal,False,1.0,0.22676541774475256,
2024-07-18,bp,True,,5,5,3,0,equal,False,1.0,0.2252734464370287,
2024-07-18,ep,True,,5,5,3,0,equal,False,1.0,0.2252734464370287,
2024-07-18,size,True,,5,5,3,0,equal,False,1.0,0.2252734464370287,
2024-07-19,bp,True,,5,5,3,0,equal,False,1.0,0.2246470156058208,
2024-07-19,ep,True,,5,5,3,0,equal,False,1.0,0.2246470156058208,
2024-07-19,size,True,,5,5,3,0,equal,False,1.0,0.2246470156058208,
2024-07-22,bp,True,,5,5,3,0,equal,True,1.0,0.22428973995820373,rebalance_day
2024-07-22,ep,True,,5,5,3,0,equal,True,1.0,0.22428973995820373,rebalance_day
2024-07-22,size,True,,5,5,3,0,equal,True,1.0,0.22428973995820373,rebalance_day
2024-07-23,bp,True,,5,5,3,0,equal,False,1.0,0.2228834504121103,
2024-07-23,ep,True,,5,5,3,0,equal,False,1.0,0.2228834504121103,
2024-07-23,size,True,,5,5,3,0,equal,False,1.0,0.2228834504121103,
2024-07-24,bp,True,,5,5,3,0,equal,False,1.0,0.22051596681469102,
2024-07-24,ep,True,,5,5,3,0,equal,False,1.0,0.22051596681469102,
2024-07-24,size,True,,5,5,3,0,equal,False,1.0,0.22051596681469102,
2024-07-25,bp,True,,5,5,3,0,equal,False,1.0,0.22073783022501545,
2024-07-25,ep,True,,5,5,3,0,equal,False,1.0,0.22073783022501545,
2024-07-25,size,True,,5,5,3,0,equal,False,1.0,0.22073783022501545,
2024-07-26,bp,True,,5,5,3,0,equal,False,1.0,0.22326651394164498,
2024-07-26,ep,True,,5,5,3,0,equal,False,1.0,0.22326651394164498,
2024-07-26,size,True,,5,5,3,0,equal,False,1.0,0.22326651394164498,
2024-07-29,bp,True,,5,5,3,0,equal,True,1.0,0.22045320309737645,rebalance_day
2024-07-29,ep,True,,5,5,3,0,equal,True,1.0,0.22045320309737645,rebalance_day
2024-07-29,size,True,,5,5,3,0,equal,True,1.0,0.22045320309737645,rebalance_day
2024-07-30,bp,True,,5,5,3,0,equal,False,1.0,0.22187155496842767,
2024-07-30,ep,True,,5,5,3,0,equal,False,1.0,0.22187155496842767,
2024-07-30,size,True,,5,5,3,0,equal,False,1.0,0.22187155496842767,
2024-07-31,bp,True,,5,5,3,0,equal,False,1.0,0.2262358415723778,
2024-07-31,ep,True,,5,5,3,0,equal,False,1.0,0.2262358415723778,
2024-07-31,size,True,,5,5,3,0,equal,False,1.0,0.2262358415723778,
2024-08-01,bp,True,,5,5,3,0,equal,False,1.0,0.2238835513852764,
2024-08-01,ep,True,,5,5,3,0,equal,False,1.0,0.2238835513852764,
2024-08-01,size,True,,5,5,3,0,equal,False,1.0,0.2238835513852764,
2024-08-02,bp,True,,5,5,3,0,equal,False,1.0,0.22426661725947394,
2024-08-02,ep,True,,5,5,3,0,equal,False,1.0,0.22426661725947394,
2024-08-02,size,True,,5,5,3,0,equal,False,1.0,0.22426661725947394,
2024-08-05,bp,True,,5,5,3,0,equal,True,1.0,0.22481673485065246,rebalance_day
2024-08-05,ep,True,,5,5,3,0,equal,True,1.0,0.22481673485065246,rebalance_day
2024-08-05,size,True,,5,5,3,0,equal,True,1.0,0.22481673485065246,rebalance_day
2024-08-06,bp,True,,5,5,3,0,equal,False,1.0,0.22751296205803492,
2024-08-06,ep,True,,5,5,3,0,equal,False,1.0,0.22751296205803492,
2024-08-06,size,True,,5,5,3,0,equal,False,1.0,0.22751296205803492,
2024-08-07,bp,True,,5,5,3,0,equal,False,1.0,0.22642622036984575,
2024-08-07,ep,True,,5,5,3,0,equal,False,1.0,0.22642622036984575,
2024-08-07,size,True,,5,5,3,0,equal,False,1.0,0.22642622036984575,
2024-08-08,bp,True,,5,5,3,0,equal,False,1.0,0.2280731122641291,
2024-08-08,ep,True,,5,5,3,0,equal,False,1.0,0.2280731122641291,
2024-08-08,size,True,,5,5,3,0,equal,False,1.0,0.2280731122641291,
2024-08-09,bp,True,,5,5,3,0,equal,False,1.0,0.2314097215416529,
2024-08-09,ep,True,,5,5,3,0,equal,False,1.0,0.2314097215416529,
2024-08-09,size,True,,5,5,3,0,equal,False,1.0,0.2314097215416529,
2024-08-12,bp,True,,5,5,3,0,equal,True,1.0,0.22762117121695685,rebalance_day
2024-08-12,ep,True,,5,5,3,0,equal,True,1.0,0.22762117121695685,rebalance_day
2024-08-12,size,True,,5,5,3,0,equal,True,1.0,0.22762117121695685,rebalance_day
2024-08-13,bp,True,,5,5,3,0,equal,False,1.0,0.2252104271018399,
2024-08-13,ep,True,,5,5,3,0,equal,False,1.0,0.2252104271018399,
2024-08-13,size,True,,5,5,3,0,equal,False,1.0,0.2252104271018399,
2024-08-14,bp,True,,5,5,3,0,equal,False,1.0,0.22503918608879933,
2024-08-14,ep,True,,5,5,3,0,equal,False,1.0,0.22503918608879933,
2024-08-14,size,True,,5,5,3,0,equal,False,1.0,0.22503918608879933,
2024-08-15,bp,True,,5,5,3,0,equal,False,1.0,0.22538695915847434,
2024-08-15,ep,True,,5,5,3,0,equal,False,1.0,0.22538695915847434,
2024-08-15,size,True,,5,5,3,0,equal,False,1.0,0.22538695915847434,
2024-08-16,bp,True,,5,5,3,0,equal,False,1.0,0.2242484407592679,
2024-08-16,ep,True,,5,5,3,0,equal,False,1.0,0.2242484407592679,
2024-08-16,size,True,,5,5,3,0,equal,False,1.0,0.2242484407592679,
2024-08-19,bp,True,,5,5,3,0,equal,True,1.0,0.2225982731135637,rebalance_day
2024-08-19,ep,True,,5,5,3,0,equal,True,1.0,0.2225982731135637,rebalance_day
2024-08-19,size,True,,5,5,3,0,equal,True,1.0,0.2225982731135637,rebalance_day
2024-08-20,bp,True,,5,5,3,0,equal,False,1.0,0.22222717515354512,
2024-08-20,ep,True,,5,5,3,0,equal,False,1.0,0.22222717515354512,
2024-08-20,size,True,,5,5,3,0,equal,False,1.0,0.22222717515354512,
2024-08-21,bp,True,,5,5,3,0,equal,False,1.0,0.22071192582061402,
2024-08-21,ep,True,,5,5,3,0,equal,False,1.0,0.22071192582061402,
2024-08-21,size,True,,5,5,3,0,equal,False,1.0,0.22071192582061402,
2024-08-22,bp,True,,5,5,3,0,equal,False,1.0,0.21807968476965858,
2024-08-22,ep,True,,5,5,3,0,equal,False,1.0,0.21807968476965858,
2024-08-22,size,True,,5,5,3,0,equal,False,1.0,0.21807968476965858,
2024-08-23,bp,True,,5,5,3,0,equal,False,1.0,0.216794906228448,
2024-08-23,ep,True,,5,5,3,0,equal,False,1.0,0.216794906228448,
2024-08-23,size,True,,5,5,3,0,equal,False,1.0,0.216794906228448,
2024-08-26,bp,True,,5,5,3,0,equal,True,1.0,0.21819605503550377,rebalance_day
2024-08-26,ep,True,,5,5,3,0,equal,True,1.0,0.21819605503550377,rebalance_day
2024-08-26,size,True,,5,5,3,0,equal,True,1.0,0.21819605503550377,rebalance_day
2024-08-27,bp,True,,5,5,3,0,equal,False,1.0,0.21579531007131045,
2024-08-27,ep,True,,5,5,3,0,equal,False,1.0,0.21579531007131045,
2024-08-27,size,True,,5,5,3,0,equal,False,1.0,0.21579531007131045,
2024-08-28,bp,True,,5,5,3,0,equal,False,1.0,0.2150371381307673,
2024-08-28,ep,True,,5,5,3,0,equal,False,1.0,0.2150371381307673,
2024-08-28,size,True,,5,5,3,0,equal,False,1.0,0.2150371381307673,
2024-08-29,bp,True,,5,5,3,0,equal,False,1.0,0.21750901870404415,
2024-08-29,ep,True,,5,5,3,0,equal,False,1.0,0.21750901870404415,
2024-08-29,size,True,,5,5,3,0,equal,False,1.0,0.21750901870404415,
2024-08-30,bp,True,,5,5,3,0,equal,False,1.0,0.22402071756192302,
2024-08-30,ep,True,,5,5,3,0,equal,False,1.0,0.22402071756192302,
2024-08-30,size,True,,5,5,3,0,equal,False,1.0,0.22402071756192302,
2024-09-02,bp,True,,5,5,3,0,equal,True,1.0,0.2243265650485588,rebalance_day
2024-09-02,ep,True,,5,5,3,0,equal,True,1.0,0.2243265650485588,rebalance_day
2024-09-02,size,True,,5,5,3,0,equal,True,1.0,0.2243265650485588,rebalance_day
2024-09-03,bp,True,,5,5,3,0,equal,False,1.0,0.22574184338355094,
2024-09-03,ep,True,,5,5,3,0,equal,False,1.0,0.22574184338355094,
2024-09-03,size,True,,5,5,3,0,equal,False,1.0,0.22574184338355094,
2024-09-04,bp,True,,5,5,3,0,equal,False,1.0,0.22382222146044503,
2024-09-04,ep,True,,5,5,3,0,equal,False,1.0,0.22382222146044503,
2024-09-04,size,True,,5,5,3,0,equal,False,1.0,0.22382222146044503,
2024-09-05,bp,True,,5,5,3,0,equal,False,1.0,0.22576862354275495,
2024-09-05,ep,True,,5,5,3,0,equal,False,1.0,0.22576862354275495,
2024-09-05,size,True,,5,5,3,0,equal,False,1.0,0.22576862354275495,
2024-09-06,bp,True,,5,5,3,0,equal,False,1.0,0.2234618820627174,
2024-09-06,ep,True,,5,5,3,0,equal,False,1.0,0.2234618820627174,
2024-09-06,size,True,,5,5,3,0,equal,False,1.0,0.2234618820627174,
2024-09-09,bp,True,,5,5,3,0,equal,True,1.0,0.22230021712628245,rebalance_day
2024-09-09,ep,True,,5,5,3,0,equal,True,1.0,0.22230021712628245,rebalance_day
2024-09-09,size,True,,5,5,3,0,equal,True,1.0,0.22230021712628245,rebalance_day
2024-09-10,bp,True,,5,5,3,0,equal,False,1.0,0.2216554551143272,
2024-09-10,ep,True,,5,5,3,0,equal,False,1.0,0.2216554551143272,
2024-09-10,size,True,,5,5,3,0,equal,False,1.0,0.2216554551143272,
2024-09-11,bp,True,,5,5,3,0,equal,False,1.0,0.22204495560633,
2024-09-11,ep,True,,5,5,3,0,equal,False,1.0,0.22204495560633,
2024-09-11,size,True,,5,5,3,0,equal,False,1.0,0.22204495560633,
2024-09-12,bp,True,,5,5,3,0,equal,False,1.0,0.21929554545468366,
2024-09-12,ep,True,,5,5,3,0,equal,False,1.0,0.21929554545468366,
2024-09-12,size,True,,5,5,3,0,equal,False,1.0,0.21929554545468366,
2024-09-13,bp,True,,5,5,3,0,equal,False,1.0,0.22133949854726456,
2024-09-13,ep,True,,5,5,3,0,equal,False,1.0,0.22133949854726456,
2024-09-13,size,True,,5,5,3,0,equal,False,1.0,0.22133949854726456,
2024-09-18,bp,True,,5,5,3,0,equal,True,1.0,0.2227784753970439,rebalance_day
2024-09-18,ep,True,,5,5,3,0,equal,True,1.0,0.2227784753970439,rebalance_day
2024-09-18,size,True,,5,5,3,0,equal,True,1.0,0.2227784753970439,rebalance_day
2024-09-19,bp,True,,5,5,3,0,equal,False,1.0,0.22518026205376368,
2024-09-19,ep,True,,5,5,3,0,equal,False,1.0,0.22518026205376368,
2024-09-19,size,True,,5,5,3,0,equal,False,1.0,0.22518026205376368,
2024-09-20,bp,True,,5,5,3,0,equal,False,1.0,0.2272820364486038,
2024-09-20,ep,True,,5,5,3,0,equal,False,1.0,0.2272820364486038,
2024-09-20,size,True,,5,5,3,0,equal,False,1.0,0.2272820364486038,
2024-09-23,bp,True,,5,5,3,0,equal,True,1.0,0.2262768387463929,rebalance_day
2024-09-23,ep,True,,5,5,3,0,equal,True,1.0,0.2262768387463929,rebalance_day
2024-09-23,size,True,,5,5,3,0,equal,True,1.0,0.2262768387463929,rebalance_day
2024-09-24,bp,True,,5,5,3,0,equal,False,1.0,0.22452394725230337,
2024-09-24,ep,True,,5,5,3,0,equal,False,1.0,0.22452394725230337,
2024-09-24,size,True,,5,5,3,0,equal,False,1.0,0.22452394725230337,
2024-09-25,bp,True,,5,5,3,0,equal,False,1.0,0.2235467888932083,
2024-09-25,ep,True,,5,5,3,0,equal,False,1.0,0.2235467888932083,
2024-09-25,size,True,,5,5,3,0,equal,False,1.0,0.2235467888932083,
2024-09-26,bp,True,,5,5,3,0,equal,False,1.0,0.23118586377442155,
2024-09-26,ep,True,,5,5,3,0,equal,False,1.0,0.23118586377442155,
2024-09-26,size,True,,5,5,3,0,equal,False,1.0,0.23118586377442155,
2024-09-27,bp,True,,5,5,3,0,equal,False,1.0,0.23630628606309417,
2024-09-27,ep,True,,5,5,3,0,equal,False,1.0,0.23630628606309417,
2024-09-27,size,True,,5,5,3,0,equal,False,1.0,0.23630628606309417,
2024-09-30,bp,True,,5,5,3,0,equal,True,1.0,0.23990017701304106,rebalance_day
2024-09-30,ep,True,,5,5,3,0,equal,True,1.0,0.23990017701304106,rebalance_day
2024-09-30,size,True,,5,5,3,0,equal,True,1.0,0.23990017701304106,rebalance_day
2024-10-08,bp,True,,5,5,3,0,equal,True,1.0,0.23671749289011104,rebalance_day
2024-10-08,ep,True,,5,5,3,0,equal,True,1.0,0.23671749289011104,rebalance_day
2024-10-08,size,True,,5,5,3,0,equal,True,1.0,0.23671749289011104,rebalance_day
2024-10-09,bp,True,,5,5,3,0,equal,False,1.0,0.23586839572613078,
2024-10-09,ep,True,,5,5,3,0,equal,False,1.0,0.23586839572613078,
2024-10-09,size,True,,5,5,3,0,equal,False,1.0,0.23586839572613078,
2024-10-10,bp,True,,5,5,3,0,equal,False,1.0,0.22996704955568378,
2024-10-10,ep,True,,5,5,3,0,equal,False,1.0,0.22996704955568378,
2024-10-10,size,True,,5,5,3,0,equal,False,1.0,0.22996704955568378,
2024-10-11,bp,True,,5,5,3,0,equal,False,1.0,0.23352866454171528,
2024-10-11,ep,True,,5,5,3,0,equal,False,1.0,0.23352866454171528,
2024-10-11,size,True,,5,5,3,0,equal,False,1.0,0.23352866454171528,
2024-10-14,bp,True,,5,5,3,0,equal,True,1.0,0.2331339673272671,rebalance_day
2024-10-14,ep,True,,5,5,3,0,equal,True,1.0,0.2331339673272671,rebalance_day
2024-10-14,size,True,,5,5,3,0,equal,True,1.0,0.2331339673272671,rebalance_day
2024-10-15,bp,True,,5,5,3,0,equal,False,1.0,0.23384176878889942,
2024-10-15,ep,True,,5,5,3,0,equal,False,1.0,0.23384176878889942,
2024-10-15,size,True,,5,5,3,0,equal,False,1.0,0.23384176878889942,
2024-10-16,bp,True,,5,5,3,0,equal,False,1.0,0.24372795961085325,
2024-10-16,ep,True,,5,5,3,0,equal,False,1.0,0.24372795961085325,
2024-10-16,size,True,,5,5,3,0,equal,False,1.0,0.24372795961085325,
2024-10-17,bp,True,,5,5,3,0,equal,False,1.0,0.23571159368580866,
2024-10-17,ep,True,,5,5,3,0,equal,False,1.0,0.23571159368580866,
2024-10-17,size,True,,5,5,3,0,equal,False,1.0,0.23571159368580866,
2024-10-18,bp,True,,5,5,3,0,equal,False,1.0,0.23459216802268515,
2024-10-18,ep,True,,5,5,3,0,equal,False,1.0,0.23459216802268515,
2024-10-18,size,True,,5,5,3,0,equal,False,1.0,0.23459216802268515,
2024-10-21,bp,True,,5,5,3,0,equal,True,1.0,0.23170000949196548,rebalance_day
2024-10-21,ep,True,,5,5,3,0,equal,True,1.0,0.23170000949196548,rebalance_day
2024-10-21,size,True,,5,5,3,0,equal,True,1.0,0.23170000949196548,rebalance_day
2024-10-22,bp,True,,5,5,3,0,equal,False,1.0,0.23299790572184542,
2024-10-22,ep,True,,5,5,3,0,equal,False,1.0,0.23299790572184542,
2024-10-22,size,True,,5,5,3,0,equal,False,1.0,0.23299790572184542,
2024-10-23,bp,True,,5,5,3,0,equal,False,1.0,0.23403416168759494,
2024-10-23,ep,True,,5,5,3,0,equal,False,1.0,0.23403416168759494,
2024-10-23,size,True,,5,5,3,0,equal,False,1.0,0.23403416168759494,
2024-10-24,bp,True,,5,5,3,0,equal,False,1.0,0.23239240762962482,
2024-10-24,ep,True,,5,5,3,0,equal,False,1.0,0.23239240762962482,
2024-10-24,size,True,,5,5,3,0,equal,False,1.0,0.23239240762962482,
2024-10-25,bp,True,,5,5,3,0,equal,False,1.0,0.23094169135586684,
2024-10-25,ep,True,,5,5,3,0,equal,False,1.0,0.23094169135586684,
2024-10-25,size,True,,5,5,3,0,equal,False,1.0,0.23094169135586684,
2024-10-28,bp,True,,5,5,3,0,equal,True,1.0,0.2347426006774097,rebalance_day
2024-10-28,ep,True,,5,5,3,0,equal,True,1.0,0.2347426006774097,rebalance_day
2024-10-28,size,True,,5,5,3,0,equal,True,1.0,0.2347426006774097,rebalance_day
2024-10-29,bp,True,,5,5,3,0,equal,False,1.0,0.23283004008104666,
2024-10-29,ep,True,,5,5,3,0,equal,False,1.0,0.23283004008104666,
2024-10-29,size,True,,5,5,3,0,equal,False,1.0,0.23283004008104666,
2024-10-30,bp,True,,5,5,3,0,equal,False,1.0,0.23517830839863604,
2024-10-30,ep,True,,5,5,3,0,equal,False,1.0,0.23517830839863604,
2024-10-30,size,True,,5,5,3,0,equal,False,1.0,0.23517830839863604,
2024-10-31,bp,True,,5,5,3,0,equal,False,1.0,0.24539247392706778,
2024-10-31,ep,True,,5,5,3,0,equal,False,1.0,0.24539247392706778,
2024-10-31,size,True,,5,5,3,0,equal,False,1.0,0.24539247392706778,
2024-11-01,bp,True,,5,5,3,0,equal,False,1.0,0.2422106900551243,
2024-11-01,ep,True,,5,5,3,0,equal,False,1.0,0.2422106900551243,
2024-11-01,size,True,,5,5,3,0,equal,False,1.0,0.2422106900551243,
2024-11-04,bp,True,,5,5,3,0,equal,True,1.0,0.24044496154959827,rebalance_day
2024-11-04,ep,True,,5,5,3,0,equal,True,1.0,0.24044496154959827,rebalance_day
2024-11-04,size,True,,5,5,3,0,equal,True,1.0,0.24044496154959827,rebalance_day
2024-11-05,bp,True,,5,5,3,0,equal,False,1.0,0.2417670789855838,
2024-11-05,ep,True,,5,5,3,0,equal,False,1.0,0.2417670789855838,
2024-11-05,size,True,,5,5,3,0,equal,False,1.0,0.2417670789855838,
2024-11-06,bp,True,,5,5,3,0,equal,False,1.0,0.24565384516080185,
2024-11-06,ep,True,,5,5,3,0,equal,False,1.0,0.24565384516080185,
2024-11-06,size,True,,5,5,3,0,equal,False,1.0,0.24565384516080185,
2024-11-07,bp,True,,5,5,3,0,equal,False,1.0,0.24708998217729872,
2024-11-07,ep,True,,5,5,3,0,equal,False,1.0,0.24708998217729872,
2024-11-07,size,True,,5,5,3,0,equal,False,1.0,0.24708998217729872,
2024-11-08,bp,True,,5,5,3,0,equal,False,1.0,0.24467658688008415,
2024-11-08,ep,True,,5,5,3,0,equal,False,1.0,0.24467658688008415,
2024-11-08,size,True,,5,5,3,0,equal,False,1.0,0.24467658688008415,
2024-11-11,bp,True,,5,5,3,0,equal,True,1.0,0.24295733731020494,rebalance_day
2024-11-11,ep,True,,5,5,3,0,equal,True,1.0,0.24295733731020494,rebalance_day
2024-11-11,size,True,,5,5,3,0,equal,True,1.0,0.24295733731020494,rebalance_day
2024-11-12,bp,True,,5,5,3,0,equal,False,1.0,0.24114198059894656,
2024-11-12,ep,True,,5,5,3,0,equal,False,1.0,0.24114198059894656,
2024-11-12,size,True,,5,5,3,0,equal,False,1.0,0.24114198059894656,
2024-11-13,bp,True,,5,5,3,0,equal,False,1.0,0.2384327268955469,
2024-11-13,ep,True,,5,5,3,0,equal,False,1.0,0.2384327268955469,
2024-11-13,size,True,,5,5,3,0,equal,False,1.0,0.2384327268955469,
2024-11-14,bp,True,,5,5,3,0,equal,False,1.0,0.2376875764315368,
2024-11-14,ep,True,,5,5,3,0,equal,False,1.0,0.2376875764315368,
2024-11-14,size,True,,5,5,3,0,equal,False,1.0,0.2376875764315368,
2024-11-15,bp,True,,5,5,3,0,equal,False,1.0,0.2367682243695601,
2024-11-15,ep,True,,5,5,3,0,equal,False,1.0,0.2367682243695601,
2024-11-15,size,True,,5,5,3,0,equal,False,1.0,0.2367682243695601,
2024-11-18,bp,True,,5,5,3,0,equal,True,1.0,0.23646057808533757,rebalance_day
2024-11-18,ep,True,,5,5,3,0,equal,True,1.0,0.23646057808533757,rebalance_day
2024-11-18,size,True,,5,5,3,0,equal,True,1.0,0.23646057808533757,rebalance_day
2024-11-19,bp,True,,5,5,3,0,equal,False,1.0,0.23467286316782857,
2024-11-19,ep,True,,5,5,3,0,equal,False,1.0,0.23467286316782857,
2024-11-19,size,True,,5,5,3,0,equal,False,1.0,0.23467286316782857,
2024-11-20,bp,True,,5,5,3,0,equal,False,1.0,0.2355965765822763,
2024-11-20,ep,True,,5,5,3,0,equal,False,1.0,0.2355965765822763,
2024-11-20,size,True,,5,5,3,0,equal,False,1.0,0.2355965765822763,
2024-11-21,bp,True,,5,5,3,0,equal,False,1.0,0.234402495657861,
2024-11-21,ep,True,,5,5,3,0,equal,False,1.0,0.234402495657861,
2024-11-21,size,True,,5,5,3,0,equal,False,1.0,0.234402495657861,
2024-11-22,bp,True,,5,5,3,0,equal,False,1.0,0.234237959403403,
2024-11-22,ep,True,,5,5,3,0,equal,False,1.0,0.234237959403403,
2024-11-22,size,True,,5,5,3,0,equal,False,1.0,0.234237959403403,
2024-11-25,bp,True,,5,5,3,0,equal,True,1.0,0.23406704967406597,rebalance_day
2024-11-25,ep,True,,5,5,3,0,equal,True,1.0,0.23406704967406597,rebalance_day
2024-11-25,size,True,,5,5,3,0,equal,True,1.0,0.23406704967406597,rebalance_day
2024-11-26,bp,True,,5,5,3,0,equal,False,1.0,0.2350990160227931,
2024-11-26,ep,True,,5,5,3,0,equal,False,1.0,0.2350990160227931,
2024-11-26,size,True,,5,5,3,0,equal,False,1.0,0.2350990160227931,
2024-11-27,bp,True,,5,5,3,0,equal,False,1.0,0.23486556790424157,
2024-11-27,ep,True,,5,5,3,0,equal,False,1.0,0.23486556790424157,
2024-11-27,size,True,,5,5,3,0,equal,False,1.0,0.23486556790424157,
2024-11-28,bp,True,,5,5,3,0,equal,False,1.0,0.2360137582693984,
2024-11-28,ep,True,,5,5,3,0,equal,False,1.0,0.2360137582693984,
2024-11-28,size,True,,5,5,3,0,equal,False,1.0,0.2360137582693984,
2024-11-29,bp,True,,5,5,3,0,equal,False,1.0,0.2364613636976782,
2024-11-29,ep,True,,5,5,3,0,equal,False,1.0,0.2364613636976782,
2024-11-29,size,True,,5,5,3,0,equal,False,1.0,0.2364613636976782,
2024-12-02,bp,True,,5,5,3,0,equal,True,1.0,0.23715164725942986,rebalance_day
2024-12-02,ep,True,,5,5,3,0,equal,True,1.0,0.23715164725942986,rebalance_day
2024-12-02,size,True,,5,5,3,0,equal,True,1.0,0.23715164725942986,rebalance_day
2024-12-03,bp,True,,5,5,3,0,equal,False,1.0,0.23668100220639157,
2024-12-03,ep,True,,5,5,3,0,equal,False,1.0,0.23668100220639157,
2024-12-03,size,True,,5,5,3,0,equal,False,1.0,0.23668100220639157,
2024-12-04,bp,True,,5,5,3,0,equal,False,1.0,0.23395634385290826,
2024-12-04,ep,True,,5,5,3,0,equal,False,1.0,0.23395634385290826,
2024-12-04,size,True,,5,5,3,0,equal,False,1.0,0.23395634385290826,
2024-12-05,bp,True,,5,5,3,0,equal,False,1.0,0.2348114474213446,
2024-12-05,ep,True,,5,5,3,0,equal,False,1.0,0.2348114474213446,
2024-12-05,size,True,,5,5,3,0,equal,False,1.0,0.2348114474213446,
2024-12-06,bp,True,,5,5,3,0,equal,False,1.0,0.23467712766995671,
2024-12-06,ep,True,,5,5,3,0,equal,False,1.0,0.23467712766995671,
2024-12-06,size,True,,5,5,3,0,equal,False,1.0,0.23467712766995671,
2024-12-09,bp,True,,5,5,3,0,equal,True,1.0,0.2315021145054524,rebalance_day
2024-12-09,ep,True,,5,5,3,0,equal,True,1.0,0.2315021145054524,rebalance_day
2024-12-09,size,True,,5,5,3,0,equal,True,1.0,0.2315021145054524,rebalance_day
2024-12-10,bp,True,,5,5,3,0,equal,False,1.0,0.23216560790137028,
2024-12-10,ep,True,,5,5,3,0,equal,False,1.0,0.23216560790137028,
2024-12-10,size,True,,5,5,3,0,equal,False,1.0,0.23216560790137028,
2024-12-11,bp,True,,5,5,3,0,equal,False,1.0,0.2347831132826982,
2024-12-11,ep,True,,5,5,3,0,equal,False,1.0,0.2347831132826982,
2024-12-11,size,True,,5,5,3,0,equal,False,1.0,0.2347831132826982,
2024-12-12,bp,True,,5,5,3,0,equal,False,1.0,0.23299363541265122,
2024-12-12,ep,True,,5,5,3,0,equal,False,1.0,0.23299363541265122,
2024-12-12,size,True,,5,5,3,0,equal,False,1.0,0.23299363541265122,
2024-12-13,bp,True,,5,5,3,0,equal,False,1.0,0.23155340033157884,
2024-12-13,ep,True,,5,5,3,0,equal,False,1.0,0.23155340033157884,
2024-12-13,size,True,,5,5,3,0,equal,False,1.0,0.23155340033157884,
2024-12-16,bp,True,,5,5,3,0,equal,True,1.0,0.22940577532105239,rebalance_day
2024-12-16,ep,True,,5,5,3,0,equal,True,1.0,0.22940577532105239,rebalance_day
2024-12-16,size,True,,5,5,3,0,equal,True,1.0,0.22940577532105239,rebalance_day
2024-12-17,bp,True,,5,5,3,0,equal,False,1.0,0.2282724938628019,
2024-12-17,ep,True,,5,5,3,0,equal,False,1.0,0.2282724938628019,
2024-12-17,size,True,,5,5,3,0,equal,False,1.0,0.2282724938628019,
2024-12-18,bp,True,,5,5,3,0,equal,False,1.0,0.22861259298442957,
2024-12-18,ep,True,,5,5,3,0,equal,False,1.0,0.22861259298442957,
2024-12-18,size,True,,5,5,3,0,equal,False,1.0,0.22861259298442957,
2024-12-19,bp,True,,5,5,3,0,equal,False,1.0,0.22591966127529964,
2024-12-19,ep,True,,5,5,3,0,equal,False,1.0,0.22591966127529964,
2024-12-19,size,True,,5,5,3,0,equal,False,1.0,0.22591966127529964,
2024-12-20,bp,True,,5,5,3,0,equal,False,1.0,0.2249724118096873,
2024-12-20,ep,True,,5,5,3,0,equal,False,1.0,0.2249724118096873,
2024-12-20,size,True,,5,5,3,0,equal,False,1.0,0.2249724118096873,
2024-12-23,bp,True,,5,5,3,0,equal,True,1.0,0.22025679845565843,rebalance_day
2024-12-23,ep,True,,5,5,3,0,equal,True,1.0,0.22025679845565843,rebalance_day
2024-12-23,size,True,,5,5,3,0,equal,True,1.0,0.22025679845565843,rebalance_day
2024-12-24,bp,True,,5,5,3,0,equal,False,1.0,0.21914864636491788,
2024-12-24,ep,True,,5,5,3,0,equal,False,1.0,0.21914864636491788,
2024-12-24,size,True,,5,5,3,0,equal,False,1.0,0.21914864636491788,
2024-12-25,bp,True,,5,5,3,0,equal,False,1.0,0.21538162743276024,
2024-12-25,ep,True,,5,5,3,0,equal,False,1.0,0.21538162743276024,
2024-12-25,size,True,,5,5,3,0,equal,False,1.0,0.21538162743276024,
2024-12-26,bp,True,,5,5,3,0,equal,False,1.0,0.21602818669264234,
2024-12-26,ep,True,,5,5,3,0,equal,False,1.0,0.21602818669264234,
2024-12-26,size,True,,5,5,3,0,equal,False,1.0,0.21602818669264234,
2024-12-27,bp,True,,5,5,3,0,equal,False,1.0,0.21629070872947484,
2024-12-27,ep,True,,5,5,3,0,equal,False,1.0,0.21629070872947484,
2024-12-27,size,True,,5,5,3,0,equal,False,1.0,0.21629070872947484,
2024-12-30,bp,True,,5,5,3,0,equal,True,1.0,0.2127345993785946,rebalance_day
2024-12-30,ep,True,,5,5,3,0,equal,True,1.0,0.2127345993785946,rebalance_day
2024-12-30,size,True,,5,5,3,0,equal,True,1.0,0.2127345993785946,rebalance_day
2024-12-31,bp,True,,5,5,3,0,equal,False,1.0,0.2126927877683391,
2024-12-31,ep,True,,5,5,3,0,equal,False,1.0,0.2126927877683391,
2024-12-31,size,True,,5,5,3,0,equal,False,1.0,0.2126927877683391,
2025-01-02,bp,True,,5,5,3,0,equal,False,1.0,0.2125706379496462,
2025-01-02,ep,True,,5,5,3,0,equal,False,1.0,0.2125706379496462,
2025-01-02,size,True,,5,5,3,0,equal,False,1.0,0.2125706379496462,
2025-01-03,bp,True,,5,5,3,0,equal,False,1.0,0.2117313386744455,
2025-01-03,ep,True,,5,5,3,0,equal,False,1.0,0.2117313386744455,
2025-01-03,size,True,,5,5,3,0,equal,False,1.0,0.2117313386744455,
2025-01-06,bp,True,,5,5,3,0,equal,True,1.0,0.21085513014675406,rebalance_day
2025-01-06,ep,True,,5,5,3,0,equal,True,1.0,0.21085513014675406,rebalance_day
2025-01-06,size,True,,5,5,3,0,equal,True,1.0,0.21085513014675406,rebalance_day
2025-01-07,bp,True,,5,5,3,0,equal,False,1.0,0.21205962530740227,
2025-01-07,ep,True,,5,5,3,0,equal,False,1.0,0.21205962530740227,
2025-01-07,size,True,,5,5,3,0,equal,False,1.0,0.21205962530740227,
2025-01-08,bp,True,,5,5,3,0,equal,False,1.0,0.21146440897696486,
2025-01-08,ep,True,,5,5,3,0,equal,False,1.0,0.21146440897696486,
2025-01-08,size,True,,5,5,3,0,equal,False,1.0,0.21146440897696486,
2025-01-09,bp,True,,5,5,3,0,equal,False,1.0,0.21167695277488374,
2025-01-09,ep,True,,5,5,3,0,equal,False,1.0,0.21167695277488374,
2025-01-09,size,True,,5,5,3,0,equal,False,1.0,0.21167695277488374,
2025-01-10,bp,True,,5,5,3,0,equal,False,1.0,0.20912167372212304,
2025-01-10,ep,True,,5,5,3,0,equal,False,1.0,0.20912167372212304,
2025-01-10,size,True,,5,5,3,0,equal,False,1.0,0.20912167372212304,
2025-01-13,bp,True,,5,5,3,0,equal,True,1.0,0.21055228505363785,rebalance_day
2025-01-13,ep,True,,5,5,3,0,equal,True,1.0,0.21055228505363785,rebalance_day
2025-01-13,size,True,,5,5,3,0,equal,True,1.0,0.21055228505363785,rebalance_day
2025-01-14,bp,True,,5,5,3,0,equal,False,1.0,0.21029907714818563,
2025-01-14,ep,True,,5,5,3,0,equal,False,1.0,0.21029907714818563,
2025-01-14,size,True,,5,5,3,0,equal,False,1.0,0.21029907714818563,
2025-01-15,bp,True,,5,5,3,0,equal,False,1.0,0.2102222301116647,
2025-01-15,ep,True,,5,5,3,0,equal,False,1.0,0.2102222301116647,
2025-01-15,size,True,,5,5,3,0,equal,False,1.0,0.2102222301116647,
2025-01-16,bp,True,,5,5,3,0,equal,False,1.0,0.21037203777628097,
2025-01-16,ep,True,,5,5,3,0,equal,False,1.0,0.21037203777628097,
2025-01-16,size,True,,5,5,3,0,equal,False,1.0,0.21037203777628097,
2025-01-17,bp,True,,5,5,3,0,equal,False,1.0,0.20721537044455615,
2025-01-17,ep,True,,5,5,3,0,equal,False,1.0,0.20721537044455615,
2025-01-17,size,True,,5,5,3,0,equal,False,1.0,0.20721537044455615,
2025-01-20,bp,True,,5,5,3,0,equal,True,1.0,0.20737496723368073,rebalance_day
2025-01-20,ep,True,,5,5,3,0,equal,True,1.0,0.20737496723368073,rebalance_day
2025-01-20,size,True,,5,5,3,0,equal,True,1.0,0.20737496723368073,rebalance_day
2025-01-21,bp,True,,5,5,3,0,equal,False,1.0,0.2134944859140526,
2025-01-21,ep,True,,5,5,3,0,equal,False,1.0,0.2134944859140526,
2025-01-21,size,True,,5,5,3,0,equal,False,1.0,0.2134944859140526,
2025-01-22,bp,True,,5,5,3,0,equal,False,1.0,0.21193427784998062,
2025-01-22,ep,True,,5,5,3,0,equal,False,1.0,0.21193427784998062,
2025-01-22,size,True,,5,5,3,0,equal,False,1.0,0.21193427784998062,
2025-01-23,bp,True,,5,5,3,0,equal,False,1.0,0.21459632735753742,
2025-01-23,ep,True,,5,5,3,0,equal,False,1.0,0.21459632735753742,
2025-01-23,size,True,,5,5,3,0,equal,False,1.0,0.21459632735753742,
2025-01-24,bp,True,,5,5,3,0,equal,False,1.0,0.21419144776101803,
2025-01-24,ep,True,,5,5,3,0,equal,False,1.0,0.21419144776101803,
2025-01-24,size,True,,5,5,3,0,equal,False,1.0,0.21419144776101803,
2025-01-27,bp,True,,5,5,3,0,equal,True,1.0,0.2117986162124117,rebalance_day
2025-01-27,ep,True,,5,5,3,0,equal,True,1.0,0.2117986162124117,rebalance_day
2025-01-27,size,True,,5,5,3,0,equal,True,1.0,0.2117986162124117,rebalance_day
2025-02-05,bp,True,,5,5,3,0,equal,True,1.0,0.2099339894557801,rebalance_day
2025-02-05,ep,True,,5,5,3,0,equal,True,1.0,0.2099339894557801,rebalance_day
2025-02-05,size,True,,5,5,3,0,equal,True,1.0,0.2099339894557801,rebalance_day
2025-02-06,bp,True,,5,5,3,0,equal,False,1.0,0.21034710093108724,
2025-02-06,ep,True,,5,5,3,0,equal,False,1.0,0.21034710093108724,
2025-02-06,size,True,,5,5,3,0,equal,False,1.0,0.21034710093108724,
2025-02-07,bp,True,,5,5,3,0,equal,False,1.0,0.21470009770490017,
2025-02-07,ep,True,,5,5,3,0,equal,False,1.0,0.21470009770490017,
2025-02-07,size,True,,5,5,3,0,equal,False,1.0,0.21470009770490017,
2025-02-10,bp,True,,5,5,3,0,equal,True,1.0,0.21542468444760263,rebalance_day
2025-02-10,ep,True,,5,5,3,0,equal,True,1.0,0.21542468444760263,rebalance_day
2025-02-10,size,True,,5,5,3,0,equal,True,1.0,0.21542468444760263,rebalance_day
2025-02-11,bp,True,,5,5,3,0,equal,False,1.0,0.21386684008424262,
2025-02-11,ep,True,,5,5,3,0,equal,False,1.0,0.21386684008424262,
2025-02-11,size,True,,5,5,3,0,equal,False,1.0,0.21386684008424262,
2025-02-12,bp,True,,5,5,3,0,equal,False,1.0,0.2222122463376788,
2025-02-12,ep,True,,5,5,3,0,equal,False,1.0,0.2222122463376788,
2025-02-12,size,True,,5,5,3,0,equal,False,1.0,0.2222122463376788,
2025-02-13,bp,True,,5,5,3,0,equal,False,1.0,0.22201381720371635,
2025-02-13,ep,True,,5,5,3,0,equal,False,1.0,0.22201381720371635,
2025-02-13,size,True,,5,5,3,0,equal,False,1.0,0.22201381720371635,
2025-02-14,bp,True,,5,5,3,0,equal,False,1.0,0.2181881362293131,
2025-02-14,ep,True,,5,5,3,0,equal,False,1.0,0.2181881362293131,
2025-02-14,size,True,,5,5,3,0,equal,False,1.0,0.2181881362293131,
2025-02-17,bp,True,,5,5,3,0,equal,True,1.0,0.21725944458535756,rebalance_day
2025-02-17,ep,True,,5,5,3,0,equal,True,1.0,0.21725944458535756,rebalance_day
2025-02-17,size,True,,5,5,3,0,equal,True,1.0,0.21725944458535756,rebalance_day
2025-02-18,bp,True,,5,5,3,0,equal,False,1.0,0.21372535379271052,
2025-02-18,ep,True,,5,5,3,0,equal,False,1.0,0.21372535379271052,
2025-02-18,size,True,,5,5,3,0,equal,False,1.0,0.21372535379271052,
2025-02-19,bp,True,,5,5,3,0,equal,False,1.0,0.21543325732968127,
2025-02-19,ep,True,,5,5,3,0,equal,False,1.0,0.21543325732968127,
2025-02-19,size,True,,5,5,3,0,equal,False,1.0,0.21543325732968127,
2025-02-20,bp,True,,5,5,3,0,equal,False,1.0,0.21449711853236741,
2025-02-20,ep,True,,5,5,3,0,equal,False,1.0,0.21449711853236741,
2025-02-20,size,True,,5,5,3,0,equal,False,1.0,0.21449711853236741,
2025-02-21,bp,True,,5,5,3,0,equal,False,1.0,0.21572485923547188,
2025-02-21,ep,True,,5,5,3,0,equal,False,1.0,0.21572485923547188,
2025-02-21,size,True,,5,5,3,0,equal,False,1.0,0.21572485923547188,
2025-02-24,bp,True,,5,5,3,0,equal,True,1.0,0.21924274426736082,rebalance_day
2025-02-24,ep,True,,5,5,3,0,equal,True,1.0,0.21924274426736082,rebalance_day
2025-02-24,size,True,,5,5,3,0,equal,True,1.0,0.21924274426736082,rebalance_day
2025-02-25,bp,True,,5,5,3,0,equal,False,1.0,0.2183743105990627,
2025-02-25,ep,True,,5,5,3,0,equal,False,1.0,0.2183743105990627,
2025-02-25,size,True,,5,5,3,0,equal,False,1.0,0.2183743105990627,
2025-02-26,bp,True,,5,5,3,0,equal,False,1.0,0.22003683063161564,
2025-02-26,ep,True,,5,5,3,0,equal,False,1.0,0.22003683063161564,
2025-02-26,size,True,,5,5,3,0,equal,False,1.0,0.22003683063161564,
2025-02-27,bp,True,,5,5,3,0,equal,False,1.0,0.21916307801710086,
2025-02-27,ep,True,,5,5,3,0,equal,False,1.0,0.21916307801710086,
2025-02-27,size,True,,5,5,3,0,equal,False,1.0,0.21916307801710086,
2025-02-28,bp,True,,5,5,3,0,equal,False,1.0,0.21974316335842795,
2025-02-28,ep,True,,5,5,3,0,equal,False,1.0,0.21974316335842795,
2025-02-28,size,True,,5,5,3,0,equal,False,1.0,0.21974316335842795,
2025-03-03,bp,True,,5,5,3,0,equal,True,1.0,0.21908010531336827,rebalance_day
2025-03-03,ep,True,,5,5,3,0,equal,True,1.0,0.21908010531336827,rebalance_day
2025-03-03,size,True,,5,5,3,0,equal,True,1.0,0.21908010531336827,rebalance_day
2025-03-04,bp,True,,5,5,3,0,equal,False,1.0,0.21879323365842296,
2025-03-04,ep,True,,5,5,3,0,equal,False,1.0,0.21879323365842296,
2025-03-04,size,True,,5,5,3,0,equal,False,1.0,0.21879323365842296,
2025-03-05,bp,True,,5,5,3,0,equal,False,1.0,0.21665375008752796,
2025-03-05,ep,True,,5,5,3,0,equal,False,1.0,0.21665375008752796,
2025-03-05,size,True,,5,5,3,0,equal,False,1.0,0.21665375008752796,
2025-03-06,bp,True,,5,5,3,0,equal,False,1.0,0.2202469037055104,
2025-03-06,ep,True,,5,5,3,0,equal,False,1.0,0.2202469037055104,
2025-03-06,size,True,,5,5,3,0,equal,False,1.0,0.2202469037055104,
2025-03-07,bp,True,,5,5,3,0,equal,False,1.0,0.2177262527596684,
2025-03-07,ep,True,,5,5,3,0,equal,False,1.0,0.2177262527596684,
2025-03-07,size,True,,5,5,3,0,equal,False,1.0,0.2177262527596684,
2025-03-10,bp,True,,5,5,3,0,equal,True,1.0,0.218018243875293,rebalance_day
2025-03-10,ep,True,,5,5,3,0,equal,True,1.0,0.218018243875293,rebalance_day
2025-03-10,size,True,,5,5,3,0,equal,True,1.0,0.218018243875293,rebalance_day
2025-03-11,bp,True,,5,5,3,0,equal,False,1.0,0.21760724238251156,
2025-03-11,ep,True,,5,5,3,0,equal,False,1.0,0.21760724238251156,
2025-03-11,size,True,,5,5,3,0,equal,False,1.0,0.21760724238251156,
2025-03-12,bp,True,,5,5,3,0,equal,False,1.0,0.2177896201096459,
2025-03-12,ep,True,,5,5,3,0,equal,False,1.0,0.2177896201096459,
2025-03-12,size,True,,5,5,3,0,equal,False,1.0,0.2177896201096459,
2025-03-13,bp,True,,5,5,3,0,equal,False,1.0,0.2162506631658859,
2025-03-13,ep,True,,5,5,3,0,equal,False,1.0,0.2162506631658859,
2025-03-13,size,True,,5,5,3,0,equal,False,1.0,0.2162506631658859,
2025-03-14,bp,True,,5,5,3,0,equal,False,1.0,0.2166152953359202,
2025-03-14,ep,True,,5,5,3,0,equal,False,1.0,0.2166152953359202,
2025-03-14,size,True,,5,5,3,0,equal,False,1.0,0.2166152953359202,
2025-03-17,bp,True,,5,5,3,0,equal,True,1.0,0.217881534002307,rebalance_day
2025-03-17,ep,True,,5,5,3,0,equal,True,1.0,0.217881534002307,rebalance_day
2025-03-17,size,True,,5,5,3,0,equal,True,1.0,0.217881534002307,rebalance_day
2025-03-18,bp,True,,5,5,3,0,equal,False,1.0,0.21706712694598546,
2025-03-18,ep,True,,5,5,3,0,equal,False,1.0,0.21706712694598546,
2025-03-18,size,True,,5,5,3,0,equal,False,1.0,0.21706712694598546,
2025-03-19,bp,True,,5,5,3,0,equal,False,1.0,0.2152162004662734,
2025-03-19,ep,True,,5,5,3,0,equal,False,1.0,0.2152162004662734,
2025-03-19,size,True,,5,5,3,0,equal,False,1.0,0.2152162004662734,
2025-03-20,bp,True,,5,5,3,0,equal,False,1.0,0.2149338924793562,
2025-03-20,ep,True,,5,5,3,0,equal,False,1.0,0.2149338924793562,
2025-03-20,size,True,,5,5,3,0,equal,False,1.0,0.2149338924793562,
2025-03-21,bp,True,,5,5,3,0,equal,False,1.0,0.21575099395542133,
2025-03-21,ep,True,,5,5,3,0,equal,False,1.0,0.21575099395542133,
2025-03-21,size,True,,5,5,3,0,equal,False,1.0,0.21575099395542133,
2025-03-24,bp,True,,5,5,3,0,equal,True,1.0,0.21271777028352126,rebalance_day
2025-03-24,ep,True,,5,5,3,0,equal,True,1.0,0.21271777028352126,rebalance_day
2025-03-24,size,True,,5,5,3,0,equal,True,1.0,0.21271777028352126,rebalance_day
2025-03-25,bp,True,,5,5,3,0,equal,False,1.0,0.21256559393922111,
2025-03-25,ep,True,,5,5,3,0,equal,False,1.0,0.21256559393922111,
2025-03-25,size,True,,5,5,3,0,equal,False,1.0,0.21256559393922111,
2025-03-26,bp,True,,5,5,3,0,equal,False,1.0,0.2137168460200459,
2025-03-26,ep,True,,5,5,3,0,equal,False,1.0,0.2137168460200459,
2025-03-26,size,True,,5,5,3,0,equal,False,1.0,0.2137168460200459,
2025-03-27,bp,True,,5,5,3,0,equal,False,1.0,0.21282129029608451,
2025-03-27,ep,True,,5,5,3,0,equal,False,1.0,0.21282129029608451,
2025-03-27,size,True,,5,5,3,0,equal,False,1.0,0.21282129029608451,
2025-03-28,bp,True,,5,5,3,0,equal,False,1.0,0.2130103983319111,
2025-03-28,ep,True,,5,5,3,0,equal,False,1.0,0.2130103983319111,
2025-03-28,size,True,,5,5,3,0,equal,False,1.0,0.2130103983319111,
2025-03-31,bp,True,,5,5,3,0,equal,True,1.0,0.22238924564589282,rebalance_day
2025-03-31,ep,True,,5,5,3,0,equal,True,1.0,0.22238924564589282,rebalance_day
2025-03-31,size,True,,5,5,3,0,equal,True,1.0,0.22238924564589282,rebalance_day
2025-04-01,bp,True,,5,5,3,0,equal,False,1.0,0.23854613904547955,
2025-04-01,ep,True,,5,5,3,0,equal,False,1.0,0.23854613904547955,
2025-04-01,size,True,,5,5,3,0,equal,False,1.0,0.23854613904547955,
2025-04-02,bp,True,,5,5,3,0,equal,False,1.0,0.23637745042778108,
2025-04-02,ep,True,,5,5,3,0,equal,False,1.0,0.23637745042778108,
2025-04-02,size,True,,5,5,3,0,equal,False,1.0,0.23637745042778108,
2025-04-03,bp,True,,5,5,3,0,equal,False,1.0,0.23971514199319338,
2025-04-03,ep,True,,5,5,3,0,equal,False,1.0,0.23971514199319338,
2025-04-03,size,True,,5,5,3,0,equal,False,1.0,0.23971514199319338,
2025-04-07,bp,True,,5,5,3,0,equal,True,1.0,0.24179234450351544,rebalance_day
2025-04-07,ep,True,,5,5,3,0,equal,True,1.0,0.24179234450351544,rebalance_day
2025-04-07,size,True,,5,5,3,0,equal,True,1.0,0.24179234450351544,rebalance_day
2025-04-08,bp,True,,5,5,3,0,equal,False,1.0,0.24081890059082775,
2025-04-08,ep,True,,5,5,3,0,equal,False,1.0,0.24081890059082775,
2025-04-08,size,True,,5,5,3,0,equal,False,1.0,0.24081890059082775,
2025-04-09,bp,True,,5,5,3,0,equal,False,1.0,0.24870968032557106,
2025-04-09,ep,True,,5,5,3,0,equal,False,1.0,0.24870968032557106,
2025-04-09,size,True,,5,5,3,0,equal,False,1.0,0.24870968032557106,
2025-04-10,bp,True,,5,5,3,0,equal,False,1.0,0.24968512747525526,
2025-04-10,ep,True,,5,5,3,0,equal,False,1.0,0.24968512747525526,
2025-04-10,size,True,,5,5,3,0,equal,False,1.0,0.24968512747525526,
2025-04-11,bp,True,,5,5,3,0,equal,False,1.0,0.24574073807028085,
2025-04-11,ep,True,,5,5,3,0,equal,False,1.0,0.24574073807028085,
2025-04-11,size,True,,5,5,3,0,equal,False,1.0,0.24574073807028085,
2025-04-14,bp,True,,5,5,3,0,equal,True,1.0,0.24441506094470522,rebalance_day
2025-04-14,ep,True,,5,5,3,0,equal,True,1.0,0.24441506094470522,rebalance_day
2025-04-14,size,True,,5,5,3,0,equal,True,1.0,0.24441506094470522,rebalance_day
2025-04-15,bp,True,,5,5,3,0,equal,False,1.0,0.2397871163391909,
2025-04-15,ep,True,,5,5,3,0,equal,False,1.0,0.2397871163391909,
2025-04-15,size,True,,5,5,3,0,equal,False,1.0,0.2397871163391909,
2025-04-16,bp,True,,5,5,3,0,equal,False,1.0,0.24049204496514887,
2025-04-16,ep,True,,5,5,3,0,equal,False,1.0,0.24049204496514887,
2025-04-16,size,True,,5,5,3,0,equal,False,1.0,0.24049204496514887,
2025-04-17,bp,True,,5,5,3,0,equal,False,1.0,0.2422805456801655,
2025-04-17,ep,True,,5,5,3,0,equal,False,1.0,0.2422805456801655,
2025-04-17,size,True,,5,5,3,0,equal,False,1.0,0.2422805456801655,
2025-04-18,bp,True,,5,5,3,0,equal,False,1.0,0.24378191815938385,
2025-04-18,ep,True,,5,5,3,0,equal,False,1.0,0.24378191815938385,
2025-04-18,size,True,,5,5,3,0,equal,False,1.0,0.24378191815938385,
2025-04-21,bp,True,,5,5,3,0,equal,True,1.0,0.2439447115404575,rebalance_day
2025-04-21,ep,True,,5,5,3,0,equal,True,1.0,0.2439447115404575,rebalance_day
2025-04-21,size,True,,5,5,3,0,equal,True,1.0,0.2439447115404575,rebalance_day
2025-04-22,bp,True,,5,5,3,0,equal,False,1.0,0.2440480347848318,
2025-04-22,ep,True,,5,5,3,0,equal,False,1.0,0.2440480347848318,
2025-04-22,size,True,,5,5,3,0,equal,False,1.0,0.2440480347848318,
2025-04-23,bp,True,,5,5,3,0,equal,False,1.0,0.2417048142498118,
2025-04-23,ep,True,,5,5,3,0,equal,False,1.0,0.2417048142498118,
2025-04-23,size,True,,5,5,3,0,equal,False,1.0,0.2417048142498118,
2025-04-24,bp,True,,5,5,3,0,equal,False,1.0,0.24079089347964516,
2025-04-24,ep,True,,5,5,3,0,equal,False,1.0,0.24079089347964516,
2025-04-24,size,True,,5,5,3,0,equal,False,1.0,0.24079089347964516,
2025-04-25,bp,True,,5,5,3,0,equal,False,1.0,0.2410872384428247,
2025-04-25,ep,True,,5,5,3,0,equal,False,1.0,0.2410872384428247,
2025-04-25,size,True,,5,5,3,0,equal,False,1.0,0.2410872384428247,
2025-04-28,bp,True,,5,5,3,0,equal,True,1.0,0.23652407825876567,rebalance_day
2025-04-28,ep,True,,5,5,3,0,equal,True,1.0,0.23652407825876567,rebalance_day
2025-04-28,size,True,,5,5,3,0,equal,True,1.0,0.23652407825876567,rebalance_day
2025-04-29,bp,True,,5,5,3,0,equal,False,1.0,0.23630542677871041,
2025-04-29,ep,True,,5,5,3,0,equal,False,1.0,0.23630542677871041,
2025-04-29,size,True,,5,5,3,0,equal,False,1.0,0.23630542677871041,
2025-04-30,bp,True,,5,5,3,0,equal,False,1.0,0.24384980684528357,
2025-04-30,ep,True,,5,5,3,0,equal,False,1.0,0.24384980684528357,
2025-04-30,size,True,,5,5,3,0,equal,False,1.0,0.24384980684528357,
2025-05-06,bp,True,,5,5,3,0,equal,True,1.0,0.2425774235317795,rebalance_day
2025-05-06,ep,True,,5,5,3,0,equal,True,1.0,0.2425774235317795,rebalance_day
2025-05-06,size,True,,5,5,3,0,equal,True,1.0,0.2425774235317795,rebalance_day
2025-05-07,bp,True,,5,5,3,0,equal,False,1.0,0.24095017404555055,
2025-05-07,ep,True,,5,5,3,0,equal,False,1.0,0.24095017404555055,
2025-05-07,size,True,,5,5,3,0,equal,False,1.0,0.24095017404555055,
2025-05-08,bp,True,,5,5,3,0,equal,False,1.0,0.2373606484648945,
2025-05-08,ep,True,,5,5,3,0,equal,False,1.0,0.2373606484648945,
2025-05-08,size,True,,5,5,3,0,equal,False,1.0,0.2373606484648945,
2025-05-09,bp,True,,5,5,3,0,equal,False,1.0,0.23340725748963956,
2025-05-09,ep,True,,5,5,3,0,equal,False,1.0,0.23340725748963956,
2025-05-09,size,True,,5,5,3,0,equal,False,1.0,0.23340725748963956,
2025-05-12,bp,True,,5,5,3,0,equal,True,1.0,0.23385971646517176,rebalance_day
2025-05-12,ep,True,,5,5,3,0,equal,True,1.0,0.23385971646517176,rebalance_day
2025-05-12,size,True,,5,5,3,0,equal,True,1.0,0.23385971646517176,rebalance_day
2025-05-13,bp,True,,5,5,3,0,equal,False,1.0,0.23108530765945953,
2025-05-13,ep,True,,5,5,3,0,equal,False,1.0,0.23108530765945953,
2025-05-13,size,True,,5,5,3,0,equal,False,1.0,0.23108530765945953,
2025-05-14,bp,True,,5,5,3,0,equal,False,1.0,0.23040318035714133,
2025-05-14,ep,True,,5,5,3,0,equal,False,1.0,0.23040318035714133,
2025-05-14,size,True,,5,5,3,0,equal,False,1.0,0.23040318035714133,
2025-05-15,bp,True,,5,5,3,0,equal,False,1.0,0.2279521342679074,
2025-05-15,ep,True,,5,5,3,0,equal,False,1.0,0.2279521342679074,
2025-05-15,size,True,,5,5,3,0,equal,False,1.0,0.2279521342679074,
2025-05-16,bp,True,,5,5,3,0,equal,False,1.0,0.22900261853601522,
2025-05-16,ep,True,,5,5,3,0,equal,False,1.0,0.22900261853601522,
2025-05-16,size,True,,5,5,3,0,equal,False,1.0,0.22900261853601522,
2025-05-19,bp,True,,5,5,3,0,equal,True,1.0,0.23021149651613468,rebalance_day
2025-05-19,ep,True,,5,5,3,0,equal,True,1.0,0.23021149651613468,rebalance_day
2025-05-19,size,True,,5,5,3,0,equal,True,1.0,0.23021149651613468,rebalance_day
2025-05-20,bp,True,,5,5,3,0,equal,False,1.0,0.22610656163505302,
2025-05-20,ep,True,,5,5,3,0,equal,False,1.0,0.22610656163505302,
2025-05-20,size,True,,5,5,3,0,equal,False,1.0,0.22610656163505302,
2025-05-21,bp,True,,5,5,3,0,equal,False,1.0,0.2228376316724167,
2025-05-21,ep,True,,5,5,3,0,equal,False,1.0,0.2228376316724167,
2025-05-21,size,True,,5,5,3,0,equal,False,1.0,0.2228376316724167,
2025-05-22,bp,True,,5,5,3,0,equal,False,1.0,0.22039152642159462,
2025-05-22,ep,True,,5,5,3,0,equal,False,1.0,0.22039152642159462,
2025-05-22,size,True,,5,5,3,0,equal,False,1.0,0.22039152642159462,
2025-05-23,bp,True,,5,5,3,0,equal,False,1.0,0.2213433134859092,
2025-05-23,ep,True,,5,5,3,0,equal,False,1.0,0.2213433134859092,
2025-05-23,size,True,,5,5,3,0,equal,False,1.0,0.2213433134859092,
2025-05-26,bp,True,,5,5,3,0,equal,True,1.0,0.22425030643985724,rebalance_day
2025-05-26,ep,True,,5,5,3,0,equal,True,1.0,0.22425030643985724,rebalance_day
2025-05-26,size,True,,5,5,3,0,equal,True,1.0,0.22425030643985724,rebalance_day
2025-05-27,bp,True,,5,5,3,0,equal,False,1.0,0.22434169865923295,
2025-05-27,ep,True,,5,5,3,0,equal,False,1.0,0.22434169865923295,
2025-05-27,size,True,,5,5,3,0,equal,False,1.0,0.22434169865923295,
2025-05-28,bp,True,,5,5,3,0,equal,False,1.0,0.22438461424730413,
2025-05-28,ep,True,,5,5,3,0,equal,False,1.0,0.22438461424730413,
2025-05-28,size,True,,5,5,3,0,equal,False,1.0,0.22438461424730413,
2025-05-29,bp,True,,5,5,3,0,equal,False,1.0,0.22547436323057157,
2025-05-29,ep,True,,5,5,3,0,equal,False,1.0,0.22547436323057157,
2025-05-29,size,True,,5,5,3,0,equal,False,1.0,0.22547436323057157,
2025-05-30,bp,True,,5,5,3,0,equal,False,1.0,0.22339367558721038,
2025-05-30,ep,True,,5,5,3,0,equal,False,1.0,0.22339367558721038,
2025-05-30,size,True,,5,5,3,0,equal,False,1.0,0.22339367558721038,
2025-06-03,bp,True,,5,5,3,0,equal,True,1.0,0.22030921898541928,rebalance_day
2025-06-03,ep,True,,5,5,3,0,equal,True,1.0,0.22030921898541928,rebalance_day
2025-06-03,size,True,,5,5,3,0,equal,True,1.0,0.22030921898541928,rebalance_day
2025-06-04,bp,True,,5,5,3,0,equal,False,1.0,0.22229539551809954,
2025-06-04,ep,True,,5,5,3,0,equal,False,1.0,0.22229539551809954,
2025-06-04,size,True,,5,5,3,0,equal,False,1.0,0.22229539551809954,
2025-06-05,bp,True,,5,5,3,0,equal,False,1.0,0.22316229436420024,
2025-06-05,ep,True,,5,5,3,0,equal,False,1.0,0.22316229436420024,
2025-06-05,size,True,,5,5,3,0,equal,False,1.0,0.22316229436420024,
2025-06-06,bp,True,,5,5,3,0,equal,False,1.0,0.222763310136088,
2025-06-06,ep,True,,5,5,3,0,equal,False,1.0,0.222763310136088,
2025-06-06,size,True,,5,5,3,0,equal,False,1.0,0.222763310136088,
2025-06-09,bp,True,,5,5,3,0,equal,True,1.0,0.22384508417083596,rebalance_day
2025-06-09,ep,True,,5,5,3,0,equal,True,1.0,0.22384508417083596,rebalance_day
2025-06-09,size,True,,5,5,3,0,equal,True,1.0,0.22384508417083596,rebalance_day
2025-06-10,bp,True,,5,5,3,0,equal,False,1.0,0.22346733021603607,
2025-06-10,ep,True,,5,5,3,0,equal,False,1.0,0.22346733021603607,
2025-06-10,size,True,,5,5,3,0,equal,False,1.0,0.22346733021603607,
2025-06-11,bp,True,,5,5,3,0,equal,False,1.0,0.22156532422854658,
2025-06-11,ep,True,,5,5,3,0,equal,False,1.0,0.22156532422854658,
2025-06-11,size,True,,5,5,3,0,equal,False,1.0,0.22156532422854658,
2025-06-12,bp,True,,5,5,3,0,equal,False,1.0,0.21874978485455193,
2025-06-12,ep,True,,5,5,3,0,equal,False,1.0,0.21874978485455193,
2025-06-12,size,True,,5,5,3,0,equal,False,1.0,0.21874978485455193,
2025-06-13,bp,True,,5,5,3,0,equal,False,1.0,0.21850907228435568,
2025-06-13,ep,True,,5,5,3,0,equal,False,1.0,0.21850907228435568,
2025-06-13,size,True,,5,5,3,0,equal,False,1.0,0.21850907228435568,
2025-06-16,bp,True,,5,5,3,0,equal,True,1.0,0.21970617381483187,rebalance_day
2025-06-16,ep,True,,5,5,3,0,equal,True,1.0,0.21970617381483187,rebalance_day
2025-06-16,size,True,,5,5,3,0,equal,True,1.0,0.21970617381483187,rebalance_day
2025-06-17,bp,True,,5,5,3,0,equal,False,1.0,0.21923387949010667,
2025-06-17,ep,True,,5,5,3,0,equal,False,1.0,0.21923387949010667,
2025-06-17,size,True,,5,5,3,0,equal,False,1.0,0.21923387949010667,
2025-06-18,bp,True,,5,5,3,0,equal,False,1.0,0.21577668234221134,
2025-06-18,ep,True,,5,5,3,0,equal,False,1.0,0.21577668234221134,
2025-06-18,size,True,,5,5,3,0,equal,False,1.0,0.21577668234221134,
2025-06-19,bp,True,,5,5,3,0,equal,False,1.0,0.21406762725305545,
2025-06-19,ep,True,,5,5,3,0,equal,False,1.0,0.21406762725305545,
2025-06-19,size,True,,5,5,3,0,equal,False,1.0,0.21406762725305545,
2025-06-20,bp,True,,5,5,3,0,equal,False,1.0,0.2118200962398254,
2025-06-20,ep,True,,5,5,3,0,equal,False,1.0,0.2118200962398254,
2025-06-20,size,True,,5,5,3,0,equal,False,1.0,0.2118200962398254,
2025-06-23,bp,True,,5,5,3,0,equal,True,1.0,0.2100468821385032,rebalance_day
2025-06-23,ep,True,,5,5,3,0,equal,True,1.0,0.2100468821385032,rebalance_day
2025-06-23,size,True,,5,5,3,0,equal,True,1.0,0.2100468821385032,rebalance_day
2025-06-24,bp,True,,5,5,3,0,equal,False,1.0,0.2102319742577953,
2025-06-24,ep,True,,5,5,3,0,equal,False,1.0,0.2102319742577953,
2025-06-24,size,True,,5,5,3,0,equal,False,1.0,0.2102319742577953,
2025-06-25,bp,True,,5,5,3,0,equal,False,1.0,0.20946508515808526,
2025-06-25,ep,True,,5,5,3,0,equal,False,1.0,0.20946508515808526,
2025-06-25,size,True,,5,5,3,0,equal,False,1.0,0.20946508515808526,
2025-06-26,bp,True,,5,5,3,0,equal,False,1.0,0.20748059931104051,
2025-06-26,ep,True,,5,5,3,0,equal,False,1.0,0.20748059931104051,
2025-06-26,size,True,,5,5,3,0,equal,False,1.0,0.20748059931104051,
2025-06-27,bp,True,,5,5,3,0,equal,False,1.0,0.20842949011048376,
2025-06-27,ep,True,,5,5,3,0,equal,False,1.0,0.20842949011048376,
2025-06-27,size,True,,5,5,3,0,equal,False,1.0,0.20842949011048376,
2025-06-30,bp,True,,5,5,3,0,equal,True,1.0,0.2072150182302258,rebalance_day
2025-06-30,ep,True,,5,5,3,0,equal,True,1.0,0.2072150182302258,rebalance_day
2025-06-30,size,True,,5,5,3,0,equal,True,1.0,0.2072150182302258,rebalance_day
2025-07-01,bp,True,,5,5,3,0,equal,False,1.0,0.2037579654982941,
2025-07-01,ep,True,,5,5,3,0,equal,False,1.0,0.2037579654982941,
2025-07-01,size,True,,5,5,3,0,equal,False,1.0,0.2037579654982941,
2025-07-02,bp,True,,5,5,3,0,equal,False,1.0,0.20692108590419778,
2025-07-02,ep,True,,5,5,3,0,equal,False,1.0,0.20692108590419778,
2025-07-02,size,True,,5,5,3,0,equal,False,1.0,0.20692108590419778,
2025-07-03,bp,True,,5,5,3,0,equal,False,1.0,0.20428051679738252,
2025-07-03,ep,True,,5,5,3,0,equal,False,1.0,0.20428051679738252,
2025-07-03,size,True,,5,5,3,0,equal,False,1.0,0.20428051679738252,
2025-07-04,bp,True,,5,5,3,0,equal,False,1.0,0.20100837835677202,
2025-07-04,ep,True,,5,5,3,0,equal,False,1.0,0.20100837835677202,
2025-07-04,size,True,,5,5,3,0,equal,False,1.0,0.20100837835677202,
2025-07-07,bp,True,,5,5,3,0,equal,True,1.0,0.20295965243481726,rebalance_day
2025-07-07,ep,True,,5,5,3,0,equal,True,1.0,0.20295965243481726,rebalance_day
2025-07-07,size,True,,5,5,3,0,equal,True,1.0,0.20295965243481726,rebalance_day
2025-07-08,bp,True,,5,5,3,0,equal,False,1.0,0.2054315016397977,
2025-07-08,ep,True,,5,5,3,0,equal,False,1.0,0.2054315016397977,
2025-07-08,size,True,,5,5,3,0,equal,False,1.0,0.2054315016397977,
2025-07-09,bp,True,,5,5,3,0,equal,False,1.0,0.20407514250922537,
2025-07-09,ep,True,,5,5,3,0,equal,False,1.0,0.20407514250922537,
2025-07-09,size,True,,5,5,3,0,equal,False,1.0,0.20407514250922537,
2025-07-10,bp,True,,5,5,3,0,equal,False,1.0,0.20793881977064868,
2025-07-10,ep,True,,5,5,3,0,equal,False,1.0,0.20793881977064868,
2025-07-10,size,True,,5,5,3,0,equal,False,1.0,0.20793881977064868,
2025-07-11,bp,True,,5,5,3,0,equal,False,1.0,0.21063635222584026,
2025-07-11,ep,True,,5,5,3,0,equal,False,1.0,0.21063635222584026,
2025-07-11,size,True,,5,5,3,0,equal,False,1.0,0.21063635222584026,
2025-07-14,bp,True,,5,5,3,0,equal,True,1.0,0.20707223651966866,rebalance_day
2025-07-14,ep,True,,5,5,3,0,equal,True,1.0,0.20707223651966866,rebalance_day
2025-07-14,size,True,,5,5,3,0,equal,True,1.0,0.20707223651966866,rebalance_day
2025-07-15,bp,True,,5,5,3,0,equal,False,1.0,0.20728742577044965,
2025-07-15,ep,True,,5,5,3,0,equal,False,1.0,0.20728742577044965,
2025-07-15,size,True,,5,5,3,0,equal,False,1.0,0.20728742577044965,
2025-07-16,bp,True,,5,5,3,0,equal,False,1.0,0.20731259944342867,
2025-07-16,ep,True,,5,5,3,0,equal,False,1.0,0.20731259944342867,
2025-07-16,size,True,,5,5,3,0,equal,False,1.0,0.20731259944342867,
2025-07-17,bp,True,,5,5,3,0,equal,False,1.0,0.2074290440374529,
2025-07-17,ep,True,,5,5,3,0,equal,False,1.0,0.2074290440374529,
2025-07-17,size,True,,5,5,3,0,equal,False,1.0,0.2074290440374529,
2025-07-18,bp,True,,5,5,3,0,equal,False,1.0,0.206540725193471,
2025-07-18,ep,True,,5,5,3,0,equal,False,1.0,0.206540725193471,
2025-07-18,size,True,,5,5,3,0,equal,False,1.0,0.206540725193471,
2025-07-21,bp,True,,5,5,3,0,equal,True,1.0,0.20599992412624402,rebalance_day
2025-07-21,ep,True,,5,5,3,0,equal,True,1.0,0.20599992412624402,rebalance_day
2025-07-21,size,True,,5,5,3,0,equal,True,1.0,0.20599992412624402,rebalance_day
2025-07-22,bp,True,,5,5,3,0,equal,False,1.0,0.20867058510535016,
2025-07-22,ep,True,,5,5,3,0,equal,False,1.0,0.20867058510535016,
2025-07-22,size,True,,5,5,3,0,equal,False,1.0,0.20867058510535016,
2025-07-23,bp,True,,5,5,3,0,equal,False,1.0,0.2083490069933944,
2025-07-23,ep,True,,5,5,3,0,equal,False,1.0,0.2083490069933944,
2025-07-23,size,True,,5,5,3,0,equal,False,1.0,0.2083490069933944,
2025-07-24,bp,True,,5,5,3,0,equal,False,1.0,0.21221663672002927,
2025-07-24,ep,True,,5,5,3,0,equal,False,1.0,0.21221663672002927,
2025-07-24,size,True,,5,5,3,0,equal,False,1.0,0.21221663672002927,
2025-07-25,bp,True,,5,5,3,0,equal,False,1.0,0.21197112397954546,
2025-07-25,ep,True,,5,5,3,0,equal,False,1.0,0.21197112397954546,
2025-07-25,size,True,,5,5,3,0,equal,False,1.0,0.21197112397954546,
2025-07-28,bp,True,,5,5,3,0,equal,True,1.0,0.2116206934343467,rebalance_day
2025-07-28,ep,True,,5,5,3,0,equal,True,1.0,0.2116206934343467,rebalance_day
2025-07-28,size,True,,5,5,3,0,equal,True,1.0,0.2116206934343467,rebalance_day
2025-07-29,bp,True,,5,5,3,0,equal,False,1.0,0.2133498270410107,
2025-07-29,ep,True,,5,5,3,0,equal,False,1.0,0.2133498270410107,
2025-07-29,size,True,,5,5,3,0,equal,False,1.0,0.2133498270410107,
2025-07-30,bp,True,,5,5,3,0,equal,False,1.0,0.21228530943799387,
2025-07-30,ep,True,,5,5,3,0,equal,False,1.0,0.21228530943799387,
2025-07-30,size,True,,5,5,3,0,equal,False,1.0,0.21228530943799387,
2025-07-31,bp,True,,5,5,3,0,equal,False,1.0,0.20879906830078196,
2025-07-31,ep,True,,5,5,3,0,equal,False,1.0,0.20879906830078196,
2025-07-31,size,True,,5,5,3,0,equal,False,1.0,0.20879906830078196,
2025-08-01,bp,True,,5,5,3,0,equal,False,1.0,0.2071818027390867,
2025-08-01,ep,True,,5,5,3,0,equal,False,1.0,0.2071818027390867,
2025-08-01,size,True,,5,5,3,0,equal,False,1.0,0.2071818027390867,
2025-08-04,bp,True,,5,5,3,0,equal,True,1.0,0.20576353247677096,rebalance_day
2025-08-04,ep,True,,5,5,3,0,equal,True,1.0,0.20576353247677096,rebalance_day
2025-08-04,size,True,,5,5,3,0,equal,True,1.0,0.20576353247677096,rebalance_day
2025-08-05,bp,True,,5,5,3,0,equal,False,1.0,0.2029091215096426,
2025-08-05,ep,True,,5,5,3,0,equal,False,1.0,0.2029091215096426,
2025-08-05,size,True,,5,5,3,0,equal,False,1.0,0.2029091215096426,
2025-08-06,bp,True,,5,5,3,0,equal,False,1.0,0.20260944242171217,
2025-08-06,ep,True,,5,5,3,0,equal,False,1.0,0.20260944242171217,
2025-08-06,size,True,,5,5,3,0,equal,False,1.0,0.20260944242171217,
2025-08-07,bp,True,,5,5,3,0,equal,False,1.0,0.20274645172410422,
2025-08-07,ep,True,,5,5,3,0,equal,False,1.0,0.20274645172410422,
2025-08-07,size,True,,5,5,3,0,equal,False,1.0,0.20274645172410422,
2025-08-08,bp,True,,5,5,3,0,equal,False,1.0,0.20124861497973132,
2025-08-08,ep,True,,5,5,3,0,equal,False,1.0,0.20124861497973132,
2025-08-08,size,True,,5,5,3,0,equal,False,1.0,0.20124861497973132,
2025-08-11,bp,True,,5,5,3,0,equal,True,1.0,0.20289309388607868,rebalance_day
2025-08-11,ep,True,,5,5,3,0,equal,True,1.0,0.20289309388607868,rebalance_day
2025-08-11,size,True,,5,5,3,0,equal,True,1.0,0.20289309388607868,rebalance_day
2025-08-12,bp,True,,5,5,3,0,equal,False,1.0,0.20314197127730418,
2025-08-12,ep,True,,5,5,3,0,equal,False,1.0,0.20314197127730418,
2025-08-12,size,True,,5,5,3,0,equal,False,1.0,0.20314197127730418,
2025-08-13,bp,True,,5,5,3,0,equal,False,1.0,0.20206604768866035,
2025-08-13,ep,True,,5,5,3,0,equal,False,1.0,0.20206604768866035,
2025-08-13,size,True,,5,5,3,0,equal,False,1.0,0.20206604768866035,
2025-08-14,bp,True,,5,5,3,0,equal,False,1.0,0.2005696450254651,
2025-08-14,ep,True,,5,5,3,0,equal,False,1.0,0.2005696450254651,
2025-08-14,size,True,,5,5,3,0,equal,False,1.0,0.2005696450254651,
2025-08-15,bp,True,,5,5,3,0,equal,False,1.0,0.2041476237758207,
2025-08-15,ep,True,,5,5,3,0,equal,False,1.0,0.2041476237758207,
2025-08-15,size,True,,5,5,3,0,equal,False,1.0,0.2041476237758207,
2025-08-18,bp,True,,5,5,3,0,equal,True,1.0,0.20298563138104322,rebalance_day
2025-08-18,ep,True,,5,5,3,0,equal,True,1.0,0.20298563138104322,rebalance_day
2025-08-18,size,True,,5,5,3,0,equal,True,1.0,0.20298563138104322,rebalance_day
2025-08-19,bp,True,,5,5,3,0,equal,False,1.0,0.20399415123279116,
2025-08-19,ep,True,,5,5,3,0,equal,False,1.0,0.20399415123279116,
2025-08-19,size,True,,5,5,3,0,equal,False,1.0,0.20399415123279116,
2025-08-20,bp,True,,5,5,3,0,equal,False,1.0,0.20420031462939636,
2025-08-20,ep,True,,5,5,3,0,equal,False,1.0,0.20420031462939636,
2025-08-20,size,True,,5,5,3,0,equal,False,1.0,0.20420031462939636,
2025-08-21,bp,True,,5,5,3,0,equal,False,1.0,0.20395097027285472,
2025-08-21,ep,True,,5,5,3,0,equal,False,1.0,0.20395097027285472,
2025-08-21,size,True,,5,5,3,0,equal,False,1.0,0.20395097027285472,
2025-08-22,bp,True,,5,5,3,0,equal,False,1.0,0.20235852681751668,
2025-08-22,ep,True,,5,5,3,0,equal,False,1.0,0.20235852681751668,
2025-08-22,size,True,,5,5,3,0,equal,False,1.0,0.20235852681751668,
2025-08-25,bp,True,,5,5,3,0,equal,True,1.0,0.21988306720615933,rebalance_day
2025-08-25,ep,True,,5,5,3,0,equal,True,1.0,0.21988306720615933,rebalance_day
2025-08-25,size,True,,5,5,3,0,equal,True,1.0,0.21988306720615933,rebalance_day
2025-08-26,bp,True,,5,5,3,0,equal,False,1.0,0.2168905498215241,
2025-08-26,ep,True,,5,5,3,0,equal,False,1.0,0.2168905498215241,
2025-08-26,size,True,,5,5,3,0,equal,False,1.0,0.2168905498215241,
2025-08-27,bp,True,,5,5,3,0,equal,False,1.0,0.21549360259615336,
2025-08-27,ep,True,,5,5,3,0,equal,False,1.0,0.21549360259615336,
2025-08-27,size,True,,5,5,3,0,equal,False,1.0,0.21549360259615336,
2025-08-28,bp,True,,5,5,3,0,equal,False,1.0,0.21639545729979595,
2025-08-28,ep,True,,5,5,3,0,equal,False,1.0,0.21639545729979595,
2025-08-28,size,True,,5,5,3,0,equal,False,1.0,0.21639545729979595,
2025-08-29,bp,True,,5,5,3,0,equal,False,1.0,0.214319239430678,
2025-08-29,ep,True,,5,5,3,0,equal,False,1.0,0.214319239430678,
2025-08-29,size,True,,5,5,3,0,equal,False,1.0,0.214319239430678,
2025-09-01,bp,True,,5,5,3,0,equal,True,1.0,0.21606788207144367,rebalance_day
2025-09-01,ep,True,,5,5,3,0,equal,True,1.0,0.21606788207144367,rebalance_day
2025-09-01,size,True,,5,5,3,0,equal,True,1.0,0.21606788207144367,rebalance_day
2025-09-02,bp,True,,5,5,3,0,equal,False,1.0,0.21294418964711637,
2025-09-02,ep,True,,5,5,3,0,equal,False,1.0,0.21294418964711637,
2025-09-02,size,True,,5,5,3,0,equal,False,1.0,0.21294418964711637,
2025-09-03,bp,True,,5,5,3,0,equal,False,1.0,0.2099354447623099,
2025-09-03,ep,True,,5,5,3,0,equal,False,1.0,0.2099354447623099,
2025-09-03,size,True,,5,5,3,0,equal,False,1.0,0.2099354447623099,
2025-09-04,bp,True,,5,5,3,0,equal,False,1.0,0.2095285535592336,
2025-09-04,ep,True,,5,5,3,0,equal,False,1.0,0.2095285535592336,
2025-09-04,size,True,,5,5,3,0,equal,False,1.0,0.2095285535592336,
2025-09-05,bp,True,,5,5,3,0,equal,False,1.0,0.2089937024250445,
2025-09-05,ep,True,,5,5,3,0,equal,False,1.0,0.2089937024250445,
2025-09-05,size,True,,5,5,3,0,equal,False,1.0,0.2089937024250445,
2025-09-08,bp,True,,5,5,3,0,equal,True,1.0,0.21287048191986152,rebalance_day
2025-09-08,ep,True,,5,5,3,0,equal,True,1.0,0.21287048191986152,rebalance_day
2025-09-08,size,True,,5,5,3,0,equal,True,1.0,0.21287048191986152,rebalance_day
2025-09-09,bp,True,,5,5,3,0,equal,False,1.0,0.21332932510901098,
2025-09-09,ep,True,,5,5,3,0,equal,False,1.0,0.21332932510901098,
2025-09-09,size,True,,5,5,3,0,equal,False,1.0,0.21332932510901098,
2025-09-10,bp,True,,5,5,3,0,equal,False,1.0,0.21380082577613457,
2025-09-10,ep,True,,5,5,3,0,equal,False,1.0,0.21380082577613457,
2025-09-10,size,True,,5,5,3,0,equal,False,1.0,0.21380082577613457,
2025-09-11,bp,True,,5,5,3,0,equal,False,1.0,0.211651069830849,
2025-09-11,ep,True,,5,5,3,0,equal,False,1.0,0.211651069830849,
2025-09-11,size,True,,5,5,3,0,equal,False,1.0,0.211651069830849,
2025-09-12,bp,True,,5,5,3,0,equal,False,1.0,0.21623541695290063,
2025-09-12,ep,True,,5,5,3,0,equal,False,1.0,0.21623541695290063,
2025-09-12,size,True,,5,5,3,0,equal,False,1.0,0.21623541695290063,
2025-09-15,bp,True,,5,5,3,0,equal,True,1.0,0.21517296142445258,rebalance_day
2025-09-15,ep,True,,5,5,3,0,equal,True,1.0,0.21517296142445258,rebalance_day
2025-09-15,size,True,,5,5,3,0,equal,True,1.0,0.21517296142445258,rebalance_day
2025-09-16,bp,True,,5,5,3,0,equal,False,1.0,0.21798933900796638,
2025-09-16,ep,True,,5,5,3,0,equal,False,1.0,0.21798933900796638,
2025-09-16,size,True,,5,5,3,0,equal,False,1.0,0.21798933900796638,
2025-09-17,bp,True,,5,5,3,0,equal,False,1.0,0.21746019386641838,
2025-09-17,ep,True,,5,5,3,0,equal,False,1.0,0.21746019386641838,
2025-09-17,size,True,,5,5,3,0,equal,False,1.0,0.21746019386641838,
2025-09-18,bp,True,,5,5,3,0,equal,False,1.0,0.21461701672295075,
2025-09-18,ep,True,,5,5,3,0,equal,False,1.0,0.21461701672295075,
2025-09-18,size,True,,5,5,3,0,equal,False,1.0,0.21461701672295075,
2025-09-19,bp,True,,5,5,3,0,equal,False,1.0,0.2181695608434645,
2025-09-19,ep,True,,5,5,3,0,equal,False,1.0,0.2181695608434645,
2025-09-19,size,True,,5,5,3,0,equal,False,1.0,0.2181695608434645,
2025-09-22,bp,True,,5,5,3,0,equal,True,1.0,0.2201470780202925,rebalance_day
2025-09-22,ep,True,,5,5,3,0,equal,True,1.0,0.2201470780202925,rebalance_day
2025-09-22,size,True,,5,5,3,0,equal,True,1.0,0.2201470780202925,rebalance_day
2025-09-23,bp,True,,5,5,3,0,equal,False,1.0,0.2158551209258159,
2025-09-23,ep,True,,5,5,3,0,equal,False,1.0,0.2158551209258159,
2025-09-23,size,True,,5,5,3,0,equal,False,1.0,0.2158551209258159,
2025-09-24,bp,True,,5,5,3,0,equal,False,1.0,0.21820684828036718,
2025-09-24,ep,True,,5,5,3,0,equal,False,1.0,0.21820684828036718,
2025-09-24,size,True,,5,5,3,0,equal,False,1.0,0.21820684828036718,
2025-09-25,bp,True,,5,5,3,0,equal,False,1.0,0.21545634290249482,
2025-09-25,ep,True,,5,5,3,0,equal,False,1.0,0.21545634290249482,
2025-09-25,size,True,,5,5,3,0,equal,False,1.0,0.21545634290249482,
2025-09-26,bp,True,,5,5,3,0,equal,False,1.0,0.21735162803588107,
2025-09-26,ep,True,,5,5,3,0,equal,False,1.0,0.21735162803588107,
2025-09-26,size,True,,5,5,3,0,equal,False,1.0,0.21735162803588107,
2025-09-29,bp,True,,5,5,3,0,equal,True,1.0,0.2175385381663087,rebalance_day
2025-09-29,ep,True,,5,5,3,0,equal,True,1.0,0.2175385381663087,rebalance_day
2025-09-29,size,True,,5,5,3,0,equal,True,1.0,0.2175385381663087,rebalance_day
2025-09-30,bp,True,,5,5,3,0,equal,False,1.0,0.22017643660572786,
2025-09-30,ep,True,,5,5,3,0,equal,False,1.0,0.22017643660572786,
2025-09-30,size,True,,5,5,3,0,equal,False,1.0,0.22017643660572786,
2025-10-09,bp,True,,5,5,3,0,equal,True,1.0,0.21861557005111026,rebalance_day
2025-10-09,ep,True,,5,5,3,0,equal,True,1.0,0.21861557005111026,rebalance_day
2025-10-09,size,True,,5,5,3,0,equal,True,1.0,0.21861557005111026,rebalance_day
2025-10-10,bp,True,,5,5,3,0,equal,False,1.0,0.21862954087172012,
2025-10-10,ep,True,,5,5,3,0,equal,False,1.0,0.21862954087172012,
2025-10-10,size,True,,5,5,3,0,equal,False,1.0,0.21862954087172012,
2025-10-13,bp,True,,5,5,3,0,equal,True,1.0,0.2114391394569994,rebalance_day
2025-10-13,ep,True,,5,5,3,0,equal,True,1.0,0.2114391394569994,rebalance_day
2025-10-13,size,True,,5,5,3,0,equal,True,1.0,0.2114391394569994,rebalance_day
2025-10-14,bp,True,,5,5,3,0,equal,False,1.0,0.20967111292321428,
2025-10-14,ep,True,,5,5,3,0,equal,False,1.0,0.20967111292321428,
2025-10-14,size,True,,5,5,3,0,equal,False,1.0,0.20967111292321428,
2025-10-15,bp,True,,5,5,3,0,equal,False,1.0,0.2055781672585291,
2025-10-15,ep,True,,5,5,3,0,equal,False,1.0,0.2055781672585291,
2025-10-15,size,True,,5,5,3,0,equal,False,1.0,0.2055781672585291,
2025-10-16,bp,True,,5,5,3,0,equal,False,1.0,0.20255722819874578,
2025-10-16,ep,True,,5,5,3,0,equal,False,1.0,0.20255722819874578,
2025-10-16,size,True,,5,5,3,0,equal,False,1.0,0.20255722819874578,
2025-10-17,bp,True,,5,5,3,0,equal,False,1.0,0.2021492360182481,
2025-10-17,ep,True,,5,5,3,0,equal,False,1.0,0.2021492360182481,
2025-10-17,size,True,,5,5,3,0,equal,False,1.0,0.2021492360182481,
2025-10-20,bp,True,,5,5,3,0,equal,True,1.0,0.2033030391375739,rebalance_day
2025-10-20,ep,True,,5,5,3,0,equal,True,1.0,0.2033030391375739,rebalance_day
2025-10-20,size,True,,5,5,3,0,equal,True,1.0,0.2033030391375739,rebalance_day
2025-10-21,bp,True,,5,5,3,0,equal,False,1.0,0.20351672317210606,
2025-10-21,ep,True,,5,5,3,0,equal,False,1.0,0.20351672317210606,
2025-10-21,size,True,,5,5,3,0,equal,False,1.0,0.20351672317210606,
2025-10-22,bp,True,,5,5,3,0,equal,False,1.0,0.2028019959932603,
2025-10-22,ep,True,,5,5,3,0,equal,False,1.0,0.2028019959932603,
2025-10-22,size,True,,5,5,3,0,equal,False,1.0,0.2028019959932603,
2025-10-23,bp,True,,5,5,3,0,equal,False,1.0,0.20246927267033846,
2025-10-23,ep,True,,5,5,3,0,equal,False,1.0,0.20246927267033846,
2025-10-23,size,True,,5,5,3,0,equal,False,1.0,0.20246927267033846,
2025-10-24,bp,True,,5,5,3,0,equal,False,1.0,0.20176898306871224,
2025-10-24,ep,True,,5,5,3,0,equal,False,1.0,0.20176898306871224,
2025-10-24,size,True,,5,5,3,0,equal,False,1.0,0.20176898306871224,
2025-10-27,bp,True,,5,5,3,0,equal,True,1.0,0.2027262370205934,rebalance_day
2025-10-27,ep,True,,5,5,3,0,equal,True,1.0,0.2027262370205934,rebalance_day
2025-10-27,size,True,,5,5,3,0,equal,True,1.0,0.2027262370205934,rebalance_day
2025-10-28,bp,True,,5,5,3,0,equal,False,1.0,0.20464164697379014,
2025-10-28,ep,True,,5,5,3,0,equal,False,1.0,0.20464164697379014,
2025-10-28,size,True,,5,5,3,0,equal,False,1.0,0.20464164697379014,
2025-10-29,bp,True,,5,5,3,0,equal,False,1.0,0.20849044421826568,
2025-10-29,ep,True,,5,5,3,0,equal,False,1.0,0.20849044421826568,
2025-10-29,size,True,,5,5,3,0,equal,False,1.0,0.20849044421826568,
2025-10-30,bp,True,,5,5,3,0,equal,False,1.0,0.20881060161792409,
2025-10-30,ep,True,,5,5,3,0,equal,False,1.0,0.20881060161792409,
2025-10-30,size,True,,5,5,3,0,equal,False,1.0,0.20881060161792409,
2025-10-31,bp,True,,5,5,3,0,equal,False,1.0,0.23047543017608205,
2025-10-31,ep,True,,5,5,3,0,equal,False,1.0,0.23047543017608205,
2025-10-31,size,True,,5,5,3,0,equal,False,1.0,0.23047543017608205,
2025-11-03,bp,True,,5,5,3,0,equal,True,1.0,0.23180971828695068,rebalance_day
2025-11-03,ep,True,,5,5,3,0,equal,True,1.0,0.23180971828695068,rebalance_day
2025-11-03,size,True,,5,5,3,0,equal,True,1.0,0.23180971828695068,rebalance_day
2025-11-04,bp,True,,5,5,3,0,equal,False,1.0,0.22895495836814192,
2025-11-04,ep,True,,5,5,3,0,equal,False,1.0,0.22895495836814192,
2025-11-04,size,True,,5,5,3,0,equal,False,1.0,0.22895495836814192,
2025-11-05,bp,True,,5,5,3,0,equal,False,1.0,0.2262848674500374,
2025-11-05,ep,True,,5,5,3,0,equal,False,1.0,0.2262848674500374,
2025-11-05,size,True,,5,5,3,0,equal,False,1.0,0.2262848674500374,
2025-11-06,bp,True,,5,5,3,0,equal,False,1.0,0.22637137253414927,
2025-11-06,ep,True,,5,5,3,0,equal,False,1.0,0.22637137253414927,
2025-11-06,size,True,,5,5,3,0,equal,False,1.0,0.22637137253414927,
2025-11-07,bp,True,,5,5,3,0,equal,False,1.0,0.22599788973166132,
2025-11-07,ep,True,,5,5,3,0,equal,False,1.0,0.22599788973166132,
2025-11-07,size,True,,5,5,3,0,equal,False,1.0,0.22599788973166132,
2025-11-10,bp,True,,5,5,3,0,equal,True,1.0,0.22834497534690262,rebalance_day
2025-11-10,ep,True,,5,5,3,0,equal,True,1.0,0.22834497534690262,rebalance_day
2025-11-10,size,True,,5,5,3,0,equal,True,1.0,0.22834497534690262,rebalance_day
2025-11-11,bp,True,,5,5,3,0,equal,False,1.0,0.228889414513077,
2025-11-11,ep,True,,5,5,3,0,equal,False,1.0,0.228889414513077,
2025-11-11,size,True,,5,5,3,0,equal,False,1.0,0.228889414513077,
2025-11-12,bp,True,,5,5,3,0,equal,False,1.0,0.22820006496142925,
2025-11-12,ep,True,,5,5,3,0,equal,False,1.0,0.22820006496142925,
2025-11-12,size,True,,5,5,3,0,equal,False,1.0,0.22820006496142925,
2025-11-13,bp,True,,5,5,3,0,equal,False,1.0,0.2270791066642159,
2025-11-13,ep,True,,5,5,3,0,equal,False,1.0,0.2270791066642159,
2025-11-13,size,True,,5,5,3,0,equal,False,1.0,0.2270791066642159,
2025-11-14,bp,True,,5,5,3,0,equal,False,1.0,0.2278083126227633,
2025-11-14,ep,True,,5,5,3,0,equal,False,1.0,0.2278083126227633,
2025-11-14,size,True,,5,5,3,0,equal,False,1.0,0.2278083126227633,
2025-11-17,bp,True,,5,5,3,0,equal,True,1.0,0.2304703437575635,rebalance_day
2025-11-17,ep,True,,5,5,3,0,equal,True,1.0,0.2304703437575635,rebalance_day
2025-11-17,size,True,,5,5,3,0,equal,True,1.0,0.2304703437575635,rebalance_day
2025-11-18,bp,True,,5,5,3,0,equal,False,1.0,0.22715415613848286,
2025-11-18,ep,True,,5,5,3,0,equal,False,1.0,0.22715415613848286,
2025-11-18,size,True,,5,5,3,0,equal,False,1.0,0.22715415613848286,
2025-11-19,bp,True,,5,5,3,0,equal,False,1.0,0.22401793577266554,
2025-11-19,ep,True,,5,5,3,0,equal,False,1.0,0.22401793577266554,
2025-11-19,size,True,,5,5,3,0,equal,False,1.0,0.22401793577266554,
2025-11-20,bp,True,,5,5,3,0,equal,False,1.0,0.2270529377186665,
2025-11-20,ep,True,,5,5,3,0,equal,False,1.0,0.2270529377186665,
2025-11-20,size,True,,5,5,3,0,equal,False,1.0,0.2270529377186665,
2025-11-21,bp,True,,5,5,3,0,equal,False,1.0,0.22608145198157453,
2025-11-21,ep,True,,5,5,3,0,equal,False,1.0,0.22608145198157453,
2025-11-21,size,True,,5,5,3,0,equal,False,1.0,0.22608145198157453,
2025-11-24,bp,True,,5,5,3,0,equal,True,1.0,0.2256125628665908,rebalance_day
2025-11-24,ep,True,,5,5,3,0,equal,True,1.0,0.2256125628665908,rebalance_day
2025-11-24,size,True,,5,5,3,0,equal,True,1.0,0.2256125628665908,rebalance_day
2025-11-25,bp,True,,5,5,3,0,equal,False,1.0,0.22473372317297027,
2025-11-25,ep,True,,5,5,3,0,equal,False,1.0,0.22473372317297027,
2025-11-25,size,True,,5,5,3,0,equal,False,1.0,0.22473372317297027,
2025-11-26,bp,True,,5,5,3,0,equal,False,1.0,0.22212313067803519,
2025-11-26,ep,True,,5,5,3,0,equal,False,1.0,0.22212313067803519,
2025-11-26,size,True,,5,5,3,0,equal,False,1.0,0.22212313067803519,
2025-11-27,bp,True,,5,5,3,0,equal,False,1.0,0.21036286422418934,
2025-11-27,ep,True,,5,5,3,0,equal,False,1.0,0.21036286422418934,
2025-11-27,size,True,,5,5,3,0,equal,False,1.0,0.21036286422418934,
2025-11-28,bp,True,,5,5,3,0,equal,False,1.0,0.20906947941137694,
2025-11-28,ep,True,,5,5,3,0,equal,False,1.0,0.20906947941137694,
2025-11-28,size,True,,5,5,3,0,equal,False,1.0,0.20906947941137694,
2025-12-01,bp,True,,5,5,3,0,equal,True,1.0,0.20309141553519702,rebalance_day
2025-12-01,ep,True,,5,5,3,0,equal,True,1.0,0.20309141553519702,rebalance_day
2025-12-01,size,True,,5,5,3,0,equal,True,1.0,0.20309141553519702,rebalance_day
2025-12-02,bp,True,,5,5,3,0,equal,False,1.0,0.20412644741312228,
2025-12-02,ep,True,,5,5,3,0,equal,False,1.0,0.20412644741312228,
2025-12-02,size,True,,5,5,3,0,equal,False,1.0,0.20412644741312228,
2025-12-03,bp,True,,5,5,3,0,equal,False,1.0,0.20059566476487808,
2025-12-03,ep,True,,5,5,3,0,equal,False,1.0,0.20059566476487808,
2025-12-03,size,True,,5,5,3,0,equal,False,1.0,0.20059566476487808,
2025-12-04,bp,True,,5,5,3,0,equal,False,1.0,0.1995446154910974,
2025-12-04,ep,True,,5,5,3,0,equal,False,1.0,0.1995446154910974,
2025-12-04,size,True,,5,5,3,0,equal,False,1.0,0.1995446154910974,
2025-12-05,bp,True,,5,5,3,0,equal,False,1.0,0.19846299671629333,
2025-12-05,ep,True,,5,5,3,0,equal,False,1.0,0.19846299671629333,
2025-12-05,size,True,,5,5,3,0,equal,False,1.0,0.19846299671629333,
2025-12-08,bp,True,,5,5,3,0,equal,True,1.0,0.1963268099314785,rebalance_day
2025-12-08,ep,True,,5,5,3,0,equal,True,1.0,0.1963268099314785,rebalance_day
2025-12-08,size,True,,5,5,3,0,equal,True,1.0,0.1963268099314785,rebalance_day
2025-12-09,bp,True,,5,5,3,0,equal,False,1.0,0.19352830032074894,
2025-12-09,ep,True,,5,5,3,0,equal,False,1.0,0.19352830032074894,
2025-12-09,size,True,,5,5,3,0,equal,False,1.0,0.19352830032074894,
2025-12-10,bp,True,,5,5,3,0,equal,False,1.0,0.20727501243024402,
2025-12-10,ep,True,,5,5,3,0,equal,False,1.0,0.20727501243024402,
2025-12-10,size,True,,5,5,3,0,equal,False,1.0,0.20727501243024402,
2025-12-11,bp,True,,5,5,3,0,equal,False,1.0,0.20071324316932176,
2025-12-11,ep,True,,5,5,3,0,equal,False,1.0,0.20071324316932176,
2025-12-11,size,True,,5,5,3,0,equal,False,1.0,0.20071324316932176,
2025-12-12,bp,True,,5,5,3,0,equal,False,1.0,0.19795419400130537,
2025-12-12,ep,True,,5,5,3,0,equal,False,1.0,0.19795419400130537,
2025-12-12,size,True,,5,5,3,0,equal,False,1.0,0.19795419400130537,
2025-12-15,bp,True,,5,5,3,0,equal,True,1.0,0.1935630350742274,rebalance_day
2025-12-15,ep,True,,5,5,3,0,equal,True,1.0,0.1935630350742274,rebalance_day
2025-12-15,size,True,,5,5,3,0,equal,True,1.0,0.1935630350742274,rebalance_day
2025-12-16,bp,True,,5,5,3,0,equal,False,1.0,0.1975591314268434,
2025-12-16,ep,True,,5,5,3,0,equal,False,1.0,0.1975591314268434,
2025-12-16,size,True,,5,5,3,0,equal,False,1.0,0.1975591314268434,
2025-12-17,bp,True,,5,5,3,0,equal,False,1.0,0.19690922379991926,
2025-12-17,ep,True,,5,5,3,0,equal,False,1.0,0.19690922379991926,
2025-12-17,size,True,,5,5,3,0,equal,False,1.0,0.19690922379991926,
2025-12-18,bp,True,,5,5,3,0,equal,False,1.0,0.19330893431426438,
2025-12-18,ep,True,,5,5,3,0,equal,False,1.0,0.19330893431426438,
2025-12-18,size,True,,5,5,3,0,equal,False,1.0,0.19330893431426438,
2025-12-19,bp,True,,5,5,3,0,equal,False,1.0,0.19493123837056622,
2025-12-19,ep,True,,5,5,3,0,equal,False,1.0,0.19493123837056622,
2025-12-19,size,True,,5,5,3,0,equal,False,1.0,0.19493123837056622,
2025-12-22,bp,True,,5,5,3,0,equal,True,1.0,0.19643568433312342,rebalance_day
2025-12-22,ep,True,,5,5,3,0,equal,True,1.0,0.19643568433312342,rebalance_day
2025-12-22,size,True,,5,5,3,0,equal,True,1.0,0.19643568433312342,rebalance_day
2025-12-23,bp,True,,5,5,3,0,equal,False,1.0,0.19091718615706885,
2025-12-23,ep,True,,5,5,3,0,equal,False,1.0,0.19091718615706885,
2025-12-23,size,True,,5,5,3,0,equal,False,1.0,0.19091718615706885,
2025-12-24,bp,True,,5,5,3,0,equal,False,1.0,0.1904175479063898,
2025-12-24,ep,True,,5,5,3,0,equal,False,1.0,0.1904175479063898,
2025-12-24,size,True,,5,5,3,0,equal,False,1.0,0.1904175479063898,
2025-12-25,bp,True,,5,5,3,0,equal,False,1.0,0.19157008489644636,
2025-12-25,ep,True,,5,5,3,0,equal,False,1.0,0.19157008489644636,
2025-12-25,size,True,,5,5,3,0,equal,False,1.0,0.19157008489644636,
2025-12-26,bp,True,,5,5,3,0,equal,False,1.0,0.19128558440495944,
2025-12-26,ep,True,,5,5,3,0,equal,False,1.0,0.19128558440495944,
2025-12-26,size,True,,5,5,3,0,equal,False,1.0,0.19128558440495944,
2025-12-29,bp,True,,5,5,3,0,equal,True,1.0,0.18799925772805465,rebalance_day
2025-12-29,ep,True,,5,5,3,0,equal,True,1.0,0.18799925772805465,rebalance_day
2025-12-29,size,True,,5,5,3,0,equal,True,1.0,0.18799925772805465,rebalance_day
2025-12-30,bp,True,,5,5,3,0,equal,False,1.0,0.1838541184409456,
2025-12-30,ep,True,,5,5,3,0,equal,False,1.0,0.1838541184409456,
2025-12-30,size,True,,5,5,3,0,equal,False,1.0,0.1838541184409456,
2025-12-31,bp,True,,5,5,3,0,equal,False,1.0,0.18476777680179202,
2025-12-31,ep,True,,5,5,3,0,equal,False,1.0,0.18476777680179202,
2025-12-31,size,True,,5,5,3,0,equal,False,1.0,0.18476777680179202,
